Data Source,World Development Indicators,,,,,,,,,,,,,,,,,,,,,,,,,,,,,,,,,,,,,,,,,,,,,,,,,,,,,,,,,,,,,,,,,,
,,,,,,,,,,,,,,,,,,,,,,,,,,,,,,,,,,,,,,,,,,,,,,,,,,,,,,,,,,,,,,,,,,,
Last Updated Date,3/24/2025,,,,,,,,,,,,,,,,,,,,,,,,,,,,,,,,,,,,,,,,,,,,,,,,,,,,,,,,,,,,,,,,,,
,,,,,,,,,,,,,,,,,,,,,,,,,,,,,,,,,,,,,,,,,,,,,,,,,,,,,,,,,,,,,,,,,,,
Country Name,Country Code,Indicator Name,Indicator Code,1960,1961,1962,1963,1964,1965,1966,1967,1968,1969,1970,1971,1972,1973,1974,1975,1976,1977,1978,1979,1980,1981,1982,1983,1984,1985,1986,1987,1988,1989,1990,1991,1992,1993,1994,1995,1996,1997,1998,1999,2000,2001,2002,2003,2004,2005,2006,2007,2008,2009,2010,2011,2012,2013,2014,2015,2016,2017,2018,2019,2020,2021,2022,2023
Aruba,ABW,Prevalence of undernourishment (% of population),SN.ITK.DEFC.ZS,,,,,,,,,,,,,,,,,,,,,,,,,,,,,,,,,,,,,,,,,,,,,,,,,,,,,,,,,,,,,,,,
Africa Eastern and Southern,AFE,Prevalence of undernourishment (% of population),SN.ITK.DEFC.ZS,,,,,,,,,,,,,,,,,,,,,,,,,,,,,,,,,,,,,,,,,,33.16356909,32.57309516,32.07715171,31.22153124,29.88657513,28.56894381,27.48345766,26.57892359,24.96971882,23.52485102,22.4040919,22.1062421,21.27522406,21.69875638,22.60775971,23.32696813,23.81802706,24.05535173,24.88451632,25.70828705,26.45286591,26.79567106,
Afghanistan,AFG,Prevalence of undernourishment (% of population),SN.ITK.DEFC.ZS,,,,,,,,,,,,,,,,,,,,,,,,,,,,,,,,,,,,,,,,,,46,43.7,38.6,35.9,34.2,31.6,28.3,25.1,21.6,19.4,18.3,19.5,19.4,19.3,20,20.5,21.4,22.6,25.1,27.7,29.4,30.4,
Africa Western and Central,AFW,Prevalence of undernourishment (% of population),SN.ITK.DEFC.ZS,,,,,,,,,,,,,,,,,,,,,,,,,,,,,,,,,,,,,,,,,,16.36560421,15.92713891,15.3636541,14.52055767,13.64550531,12.99015866,12.36489116,11.96809436,11.84164372,12.05705767,12.1976455,12.30904138,12.18350517,12.1293276,12.00359084,12.00732242,12.21050024,12.37945716,13.06976429,13.67404898,14.7108244,15.44376641,
Angola,AGO,Prevalence of undernourishment (% of population),SN.ITK.DEFC.ZS,,,,,,,,,,,,,,,,,,,,,,,,,,,,,,,,,,,,,,,,,,67.4,63.1,58.7,55.1,52.2,49.4,46.4,43.3,32.6,22.8,14.7,13.8,13.2,13,14,14.9,15.2,15.7,18,20.5,22.1,23.2,
Albania,ALB,Prevalence of undernourishment (% of population),SN.ITK.DEFC.ZS,,,,,,,,,,,,,,,,,,,,,,,,,,,,,,,,,,,,,,,,,,4.9,6,7.4,8.6,8.9,8.9,8.4,7.4,6.2,5.4,4.8,4.5,4.4,4.5,4.4,4.3,4.3,4.2,4.3,4.4,4.3,4.5,
Andorra,AND,Prevalence of undernourishment (% of population),SN.ITK.DEFC.ZS,,,,,,,,,,,,,,,,,,,,,,,,,,,,,,,,,,,,,,,,,,,,,,,,,,,,,,,,,,,,,,,,
Arab World,ARB,Prevalence of undernourishment (% of population),SN.ITK.DEFC.ZS,,,,,,,,,,,,,,,,,,,,,,,,,,,,,,,,,,,,,,,,,,11.0472856,10.98152201,11.00843624,11.03963138,10.87043621,10.62863431,10.41355547,10.30368707,10.15249533,10.27303552,10.29434112,10.44778925,10.30429767,10.60810319,11.21503901,11.77915088,12.20930646,12.27361864,12.41967966,12.66680439,13.21760063,13.8529659,
United Arab Emirates,ARE,Prevalence of undernourishment (% of population),SN.ITK.DEFC.ZS,,,,,,,,,,,,,,,,,,,,,,,,,,,,,,,,,,,,,,,,,,3.3,4.1,5.3,6.8,7.8,8.1,8.1,7.5,7.8,7.1,6.5,5.1,4.6,4.5,4.6,4.4,4.2,3.6,3.3,3.1,3.4,2.7,
Argentina,ARG,Prevalence of undernourishment (% of population),SN.ITK.DEFC.ZS,,,,,,,,,,,,,,,,,,,,,,,,,,,,,,,,,,,,,,,,,,2.9,3.7,4.3,3.9,3.6,3.3,3.2,3.2,3.4,3.6,3.6,3.4,3.1,2.8,2.8,3,3.4,3.5,3.5,3.4,3.3,3.2,
Armenia,ARM,Prevalence of undernourishment (% of population),SN.ITK.DEFC.ZS,,,,,,,,,,,,,,,,,,,,,,,,,,,,,,,,,,,,,,,,,,25.9,24.3,21,16,12.4,9.5,7.2,5.9,3.9,2.7,2.5,2.5,2.5,2.5,2.5,2.5,2.5,2.5,2.5,2.5,2.5,2.5,
American Samoa,ASM,Prevalence of undernourishment (% of population),SN.ITK.DEFC.ZS,,,,,,,,,,,,,,,,,,,,,,,,,,,,,,,,,,,,,,,,,,,,,,,,,,,,,,,,,,,,,,,,
Antigua and Barbuda,ATG,Prevalence of undernourishment (% of population),SN.ITK.DEFC.ZS,,,,,,,,,,,,,,,,,,,,,,,,,,,,,,,,,,,,,,,,,,,,,,,,,,,,,,,,,,,,,,,,
Australia,AUS,Prevalence of undernourishment (% of population),SN.ITK.DEFC.ZS,,,,,,,,,,,,,,,,,,,,,,,,,,,,,,,,,,,,,,,,,,2.5,2.5,2.5,2.5,2.5,2.5,2.5,2.5,2.5,2.5,2.5,2.5,2.5,2.5,2.5,2.5,2.5,2.5,2.5,2.5,2.5,2.5,
Austria,AUT,Prevalence of undernourishment (% of population),SN.ITK.DEFC.ZS,,,,,,,,,,,,,,,,,,,,,,,,,,,,,,,,,,,,,,,,,,2.5,2.5,2.5,2.5,2.5,2.5,2.5,2.5,2.5,2.5,2.5,2.5,2.5,2.5,2.5,2.5,2.5,2.5,2.5,2.5,2.5,2.5,
Azerbaijan,AZE,Prevalence of undernourishment (% of population),SN.ITK.DEFC.ZS,,,,,,,,,,,,,,,,,,,,,,,,,,,,,,,,,,,,,,,,,,16.9,13.4,10.4,7.4,4.7,2.8,2.5,2.5,2.5,2.5,2.5,2.5,2.5,2.5,2.5,2.5,2.5,2.5,2.5,2.5,2.5,2.5,
Burundi,BDI,Prevalence of undernourishment (% of population),SN.ITK.DEFC.ZS,,,,,,,,,,,,,,,,,,,,,,,,,,,,,,,,,,,,,,,,,,,,,,,,,,,,,,,,,,,,,,,,
Belgium,BEL,Prevalence of undernourishment (% of population),SN.ITK.DEFC.ZS,,,,,,,,,,,,,,,,,,,,,,,,,,,,,,,,,,,,,,,,,,2.5,2.5,2.5,2.5,2.5,2.5,2.5,2.5,2.5,2.5,2.5,2.5,2.5,2.5,2.5,2.5,2.5,2.5,2.5,2.5,2.5,2.5,
Benin,BEN,Prevalence of undernourishment (% of population),SN.ITK.DEFC.ZS,,,,,,,,,,,,,,,,,,,,,,,,,,,,,,,,,,,,,,,,,,17.2,15.5,13.7,12.8,11.4,11.1,10.8,10.4,10.2,9.8,9.6,9.5,9.3,9.3,9.2,9.7,10.6,11.4,11.5,10.8,10.4,10.3,
Burkina Faso,BFA,Prevalence of undernourishment (% of population),SN.ITK.DEFC.ZS,,,,,,,,,,,,,,,,,,,,,,,,,,,,,,,,,,,,,,,,,,22.7,20.7,18.8,17.7,17.3,16.8,16.2,15.7,15.2,15.1,14.5,14,13.5,13.4,13.5,13.9,14,14.5,14.4,15.1,15.1,15.4,
Bangladesh,BGD,Prevalence of undernourishment (% of population),SN.ITK.DEFC.ZS,,,,,,,,,,,,,,,,,,,,,,,,,,,,,,,,,,,,,,,,,,15.5,14.7,14.4,13.8,13.7,13.2,13.3,12.9,14.5,15.2,16.1,15.9,15.6,14.9,14.9,14.4,13.7,12.8,11.9,12.1,11.8,11.9,
Bulgaria,BGR,Prevalence of undernourishment (% of population),SN.ITK.DEFC.ZS,,,,,,,,,,,,,,,,,,,,,,,,,,,,,,,,,,,,,,,,,,4.2,4.4,4.7,5.1,5,5.2,4.8,4.6,4.6,4.8,5.1,4.6,4.1,4.1,4,4.1,3.4,3,3,2.9,2.5,2.5,
Bahrain,BHR,Prevalence of undernourishment (% of population),SN.ITK.DEFC.ZS,,,,,,,,,,,,,,,,,,,,,,,,,,,,,,,,,,,,,,,,,,,,,,,,,,,,,,,,,,,,,,,,
"Bahamas, The",BHS,Prevalence of undernourishment (% of population),SN.ITK.DEFC.ZS,,,,,,,,,,,,,,,,,,,,,,,,,,,,,,,,,,,,,,,,,,,,,,,,,,,,,,,,,,,,,,,,
Bosnia and Herzegovina,BIH,Prevalence of undernourishment (% of population),SN.ITK.DEFC.ZS,,,,,,,,,,,,,,,,,,,,,,,,,,,,,,,,,,,,,,,,,,3.5,3.3,2.8,2.5,2.5,2.5,2.5,2.5,2.5,2.5,2.5,2.5,2.5,2.5,2.5,2.5,2.5,2.5,2.5,2.5,2.5,2.5,
Belarus,BLR,Prevalence of undernourishment (% of population),SN.ITK.DEFC.ZS,,,,,,,,,,,,,,,,,,,,,,,,,,,,,,,,,,,,,,,,,,2.5,2.8,3.3,3.4,2.5,2.5,2.5,2.5,2.5,2.5,2.5,2.5,2.5,2.5,2.5,2.5,2.5,2.5,2.5,2.5,2.5,2.5,
Belize,BLZ,Prevalence of undernourishment (% of population),SN.ITK.DEFC.ZS,,,,,,,,,,,,,,,,,,,,,,,,,,,,,,,,,,,,,,,,,,5.8,5.3,5.2,5.1,5.2,5.2,5.9,6.3,5.9,5.4,4.9,5.3,5.8,6.1,6.3,6,5.6,4.9,4.5,4.4,4.3,4.6,
Bermuda,BMU,Prevalence of undernourishment (% of population),SN.ITK.DEFC.ZS,,,,,,,,,,,,,,,,,,,,,,,,,,,,,,,,,,,,,,,,,,,,,,,,,,,,,,,,,,,,,,,,
Bolivia,BOL,Prevalence of undernourishment (% of population),SN.ITK.DEFC.ZS,,,,,,,,,,,,,,,,,,,,,,,,,,,,,,,,,,,,,,,,,,26.4,25.6,26.5,27.1,27.5,25.9,24.4,22.9,21.4,20.1,19.2,18.6,18.6,17.8,16.8,15.6,14.9,14.5,14.5,16.9,20.3,23,
Brazil,BRA,Prevalence of undernourishment (% of population),SN.ITK.DEFC.ZS,,,,,,,,,,,,,,,,,,,,,,,,,,,,,,,,,,,,,,,,,,10.4,9,7.6,6.6,6.2,5.9,5.4,4.9,4.1,3.5,3,2.8,2.6,2.5,2.5,2.5,2.5,2.5,2.5,3.4,4.2,3.9,
Barbados,BRB,Prevalence of undernourishment (% of population),SN.ITK.DEFC.ZS,,,,,,,,,,,,,,,,,,,,,,,,,,,,,,,,,,,,,,,,,,5.9,5.7,6.1,5.7,5.7,4.9,4.9,4.6,3.8,3,2.5,2.5,2.5,2.5,2.5,2.5,2.5,2.5,2.9,3.5,3.9,3.5,
Brunei Darussalam,BRN,Prevalence of undernourishment (% of population),SN.ITK.DEFC.ZS,,,,,,,,,,,,,,,,,,,,,,,,,,,,,,,,,,,,,,,,,,,,,,,,,,,,,,,,,,,,,,,,
Bhutan,BTN,Prevalence of undernourishment (% of population),SN.ITK.DEFC.ZS,,,,,,,,,,,,,,,,,,,,,,,,,,,,,,,,,,,,,,,,,,,,,,,,,,,,,,,,,,,,,,,,
Botswana,BWA,Prevalence of undernourishment (% of population),SN.ITK.DEFC.ZS,,,,,,,,,,,,,,,,,,,,,,,,,,,,,,,,,,,,,,,,,,23.7,24.1,24.7,23.9,22.9,22.7,22.5,22.3,22.3,22,21.8,21.2,20.8,20,20.3,20.9,22,22,22.7,22.9,24.2,24.3,
Central African Republic,CAF,Prevalence of undernourishment (% of population),SN.ITK.DEFC.ZS,,,,,,,,,,,,,,,,,,,,,,,,,,,,,,,,,,,,,,,,,,38.2,39.2,39.7,39.6,38.7,36.8,34.7,32.3,27.9,24.7,21.8,23.7,25,25.7,24,22.6,21.7,21.4,21.4,21.8,22.7,23.5,
Canada,CAN,Prevalence of undernourishment (% of population),SN.ITK.DEFC.ZS,,,,,,,,,,,,,,,,,,,,,,,,,,,,,,,,,,,,,,,,,,2.5,2.5,2.5,2.5,2.5,2.5,2.5,2.5,2.5,2.5,2.5,2.5,2.5,2.5,2.5,2.5,2.5,2.5,2.5,2.5,2.5,2.5,
Central Europe and the Baltics,CEB,Prevalence of undernourishment (% of population),SN.ITK.DEFC.ZS,,,,,,,,,,,,,,,,,,,,,,,,,,,,,,,,,,,,,,,,,,3.052985474,2.953228218,2.908293732,2.889887134,2.837631898,2.856581711,2.817693501,2.783046199,2.772524573,2.802301244,2.882283557,2.819330061,2.773943154,2.779317113,2.772495279,2.758540542,2.646810546,2.57682529,2.550097679,2.543227819,2.532473188,2.559576856,
Switzerland,CHE,Prevalence of undernourishment (% of population),SN.ITK.DEFC.ZS,,,,,,,,,,,,,,,,,,,,,,,,,,,,,,,,,,,,,,,,,,2.5,2.5,2.5,2.5,2.5,2.5,2.5,2.5,2.5,2.5,2.5,2.5,2.5,2.5,2.5,2.5,2.5,2.5,2.5,2.5,2.5,2.5,
Channel Islands,CHI,Prevalence of undernourishment (% of population),SN.ITK.DEFC.ZS,,,,,,,,,,,,,,,,,,,,,,,,,,,,,,,,,,,,,,,,,,,,,,,,,,,,,,,,,,,,,,,,
Chile,CHL,Prevalence of undernourishment (% of population),SN.ITK.DEFC.ZS,,,,,,,,,,,,,,,,,,,,,,,,,,,,,,,,,,,,,,,,,,3.2,3.1,3,3.1,3,3,3,3.3,3.6,3.7,3.8,3.5,3.4,3.3,3.3,3.2,3.1,3,2.7,2.5,2.5,2.5,
China,CHN,Prevalence of undernourishment (% of population),SN.ITK.DEFC.ZS,,,,,,,,,,,,,,,,,,,,,,,,,,,,,,,,,,,,,,,,,,10.3,9.7,8.9,8.1,7.2,6.2,5.1,4,2.9,2.5,2.5,2.5,2.5,2.5,2.5,2.5,2.5,2.5,2.5,2.5,2.5,2.5,
Cote d'Ivoire,CIV,Prevalence of undernourishment (% of population),SN.ITK.DEFC.ZS,,,,,,,,,,,,,,,,,,,,,,,,,,,,,,,,,,,,,,,,,,20.2,20.9,20.7,20,19.3,18.9,18.5,18.1,17.6,16.6,15.6,14.6,14.6,13.9,13.2,11.9,11,10.2,9.5,8.8,9.1,9.6,
Cameroon,CMR,Prevalence of undernourishment (% of population),SN.ITK.DEFC.ZS,,,,,,,,,,,,,,,,,,,,,,,,,,,,,,,,,,,,,,,,,,22.6,20.4,19.1,17.4,15.7,14,12.4,11.1,8.3,6.2,4.3,4.1,4.2,4.4,4.8,5.3,5.9,6.2,6.1,5.9,5.8,5.7,
"Congo, Dem. Rep.",COD,Prevalence of undernourishment (% of population),SN.ITK.DEFC.ZS,,,,,,,,,,,,,,,,,,,,,,,,,,,,,,,,,,,,,,,,,,30.4,30.9,30.9,31.8,31.7,31.7,30.9,30.9,30.4,29.6,29.5,30.3,30.6,30.9,31.5,32.1,32.4,32.3,33.8,35,35.7,37,
"Congo, Rep.",COG,Prevalence of undernourishment (% of population),SN.ITK.DEFC.ZS,,,,,,,,,,,,,,,,,,,,,,,,,,,,,,,,,,,,,,,,,,26.9,26.4,26.5,27.8,29.1,31.1,33.2,35.6,38.1,40.5,40.3,37.2,32.5,29.5,29.3,29.5,30.2,29.8,29.1,27.8,27.1,26.8,
Colombia,COL,Prevalence of undernourishment (% of population),SN.ITK.DEFC.ZS,,,,,,,,,,,,,,,,,,,,,,,,,,,,,,,,,,,,,,,,,,8.6,8.9,9.6,10.4,11.1,11.3,10.9,11.1,11.2,11.3,10.1,8.7,7.2,5.9,5.1,4.6,4.3,4.3,4.3,4.4,4.2,4.2,
Comoros,COM,Prevalence of undernourishment (% of population),SN.ITK.DEFC.ZS,,,,,,,,,,,,,,,,,,,,,,,,,,,,,,,,,,,,,,,,,,24.9,20.9,18,16.6,16.6,17.4,18.6,19.9,18.7,17.3,15.7,15.4,14.8,14.4,13.9,13.5,13.1,13.1,13.4,13.9,15.7,16.9,
Cabo Verde,CPV,Prevalence of undernourishment (% of population),SN.ITK.DEFC.ZS,,,,,,,,,,,,,,,,,,,,,,,,,,,,,,,,,,,,,,,,,,14.9,14.9,13.5,11.6,11.1,11.5,12.4,13.3,14,14.1,13.9,14.4,15.2,16.3,16.8,16.7,15.9,15.2,14,13.2,12.6,12.6,
Costa Rica,CRI,Prevalence of undernourishment (% of population),SN.ITK.DEFC.ZS,,,,,,,,,,,,,,,,,,,,,,,,,,,,,,,,,,,,,,,,,,4.3,4.4,4.4,4,3.4,2.9,2.7,2.7,2.8,3,3.2,3.1,2.9,2.7,2.5,2.5,2.5,2.5,2.5,2.5,2.5,2.5,
Caribbean small states,CSS,Prevalence of undernourishment (% of population),SN.ITK.DEFC.ZS,,,,,,,,,,,,,,,,,,,,,,,,,,,,,,,,,,,,,,,,,,7.570174107,7.330941646,7.204837124,7.01732187,6.91276614,6.525430138,6.773141017,6.639644125,6.842128151,6.915598184,6.950980419,6.742332185,6.359649898,6.068704237,5.862649732,5.723768732,5.578803493,5.326091476,5.215518514,5.317868726,5.450338198,5.47000114,
Cuba,CUB,Prevalence of undernourishment (% of population),SN.ITK.DEFC.ZS,,,,,,,,,,,,,,,,,,,,,,,,,,,,,,,,,,,,,,,,,,2.5,2.5,2.5,2.5,2.5,2.5,2.5,2.5,2.5,2.5,2.5,2.5,2.5,2.5,2.5,2.5,2.5,2.5,2.5,2.5,2.5,2.5,
Curacao,CUW,Prevalence of undernourishment (% of population),SN.ITK.DEFC.ZS,,,,,,,,,,,,,,,,,,,,,,,,,,,,,,,,,,,,,,,,,,,,,,,,,,,,,,,,,,,,,,,,
Cayman Islands,CYM,Prevalence of undernourishment (% of population),SN.ITK.DEFC.ZS,,,,,,,,,,,,,,,,,,,,,,,,,,,,,,,,,,,,,,,,,,,,,,,,,,,,,,,,,,,,,,,,
Cyprus,CYP,Prevalence of undernourishment (% of population),SN.ITK.DEFC.ZS,,,,,,,,,,,,,,,,,,,,,,,,,,,,,,,,,,,,,,,,,,5.8,6.3,6.8,7.6,8.4,8.4,7.8,7.4,5.5,3.6,2.5,2.5,2.5,2.5,2.5,2.5,2.5,2.5,2.5,2.5,2.5,2.5,
Czechia,CZE,Prevalence of undernourishment (% of population),SN.ITK.DEFC.ZS,,,,,,,,,,,,,,,,,,,,,,,,,,,,,,,,,,,,,,,,,,2.5,2.5,2.5,2.5,2.5,2.5,2.5,2.5,2.5,2.5,2.5,2.5,2.5,2.5,2.5,2.5,2.5,2.5,2.5,2.5,2.5,2.5,
Germany,DEU,Prevalence of undernourishment (% of population),SN.ITK.DEFC.ZS,,,,,,,,,,,,,,,,,,,,,,,,,,,,,,,,,,,,,,,,,,2.5,2.5,2.5,2.5,2.5,2.5,2.5,2.5,2.5,2.5,2.5,2.5,2.5,2.5,2.5,2.5,2.5,2.5,2.5,2.5,2.5,2.5,
Djibouti,DJI,Prevalence of undernourishment (% of population),SN.ITK.DEFC.ZS,,,,,,,,,,,,,,,,,,,,,,,,,,,,,,,,,,,,,,,,,,41.9,40.5,37.8,34,30.1,25.7,23.2,21.2,20.8,19.9,19,17.5,16,14.3,13.2,12.8,12.7,12.2,11.9,11.9,12.3,12.9,
Dominica,DMA,Prevalence of undernourishment (% of population),SN.ITK.DEFC.ZS,,,,,,,,,,,,,,,,,,,,,,,,,,,,,,,,,,,,,,,,,,2.5,2.5,2.5,2.5,2.7,2.5,2.5,2.5,2.8,3.8,4.8,5.6,6.1,6.4,7,8,9.4,10.1,11.9,13.4,14,13.4,
Denmark,DNK,Prevalence of undernourishment (% of population),SN.ITK.DEFC.ZS,,,,,,,,,,,,,,,,,,,,,,,,,,,,,,,,,,,,,,,,,,2.5,2.5,2.5,2.5,2.5,2.5,2.5,2.5,2.5,2.5,2.5,2.5,2.5,2.5,2.5,2.5,2.5,2.5,2.5,2.5,2.5,2.5,
Dominican Republic,DOM,Prevalence of undernourishment (% of population),SN.ITK.DEFC.ZS,,,,,,,,,,,,,,,,,,,,,,,,,,,,,,,,,,,,,,,,,,20.5,22.7,23.7,23.2,19.3,16.5,16.4,16.2,15.5,13.5,11.7,10.4,9.2,8.4,7.4,6.7,6,5.8,6.3,6.2,5.8,4.6,
Algeria,DZA,Prevalence of undernourishment (% of population),SN.ITK.DEFC.ZS,,,,,,,,,,,,,,,,,,,,,,,,,,,,,,,,,,,,,,,,,,7.5,6.8,6.5,6.5,6.2,6,5.5,5.2,4.8,4.1,3.6,3.1,2.9,2.7,2.6,2.6,2.5,2.5,2.5,2.5,2.5,2.5,
East Asia & Pacific (excluding high income),EAP,Prevalence of undernourishment (% of population),SN.ITK.DEFC.ZS,,,,,,,,,,,,,,,,,,,,,,,,,,,,,,,,,,,,,,,,,,13.44096006,12.82493363,11.9819008,11.28015267,10.49620028,9.61599373,8.597899999,7.564132971,6.520567117,5.920868817,5.569068963,5.298645325,5.028550699,4.887138847,4.667964826,4.48844901,4.299646287,4.181543908,3.631607327,3.645132275,3.715288531,3.778652824,
Early-demographic dividend,EAR,Prevalence of undernourishment (% of population),SN.ITK.DEFC.ZS,,,,,,,,,,,,,,,,,,,,,,,,,,,,,,,,,,,,,,,,,,17.27008526,17.83447456,18.3185691,18.1521899,17.49647992,16.05722511,14.61255501,13.6928154,13.30280155,12.83288698,12.37147778,11.80603303,11.25145087,10.96467886,10.69765539,10.33824079,9.887546386,9.805792504,10.59584291,11.54608607,12.2806001,12.35356571,
East Asia & Pacific,EAS,Prevalence of undernourishment (% of population),SN.ITK.DEFC.ZS,,,,,,,,,,,,,,,,,,,,,,,,,,,,,,,,,,,,,,,,,,12.25200824,11.714865,10.96928743,10.3462122,9.653896618,8.872979201,7.969931568,7.048732845,6.147428424,5.623034039,5.292308825,5.034582215,4.787428121,4.658964371,4.474208896,4.314005979,4.144327635,4.031284299,3.547160773,3.564251164,3.644122009,3.710979024,
Europe & Central Asia (excluding high income),ECA,Prevalence of undernourishment (% of population),SN.ITK.DEFC.ZS,,,,,,,,,,,,,,,,,,,,,,,,,,,,,,,,,,,,,,,,,,8.003241679,8.040273907,7.940330804,7.43344866,6.687307945,5.762021478,5.086090148,4.574519724,4.181937191,3.850920513,3.605429459,3.473635187,3.399130903,3.308236975,3.215390825,3.131161223,3.075908939,3.053931456,3.159111223,3.265834784,3.460326652,3.489271952,
Europe & Central Asia,ECS,Prevalence of undernourishment (% of population),SN.ITK.DEFC.ZS,,,,,,,,,,,,,,,,,,,,,,,,,,,,,,,,,,,,,,,,,,4.228505802,4.109881239,3.997818257,3.803654511,3.610621138,3.379534435,3.202068672,3.068655208,2.966450846,2.884244269,2.830659566,2.790060941,2.766194229,2.743788369,2.71929262,2.696089709,2.669461991,2.656431147,2.682488824,2.711334049,2.764150293,2.773414747,
Ecuador,ECU,Prevalence of undernourishment (% of population),SN.ITK.DEFC.ZS,,,,,,,,,,,,,,,,,,,,,,,,,,,,,,,,,,,,,,,,,,20.1,21.9,21.9,21.8,21.5,21.9,21.2,20.3,15.2,11.5,7.7,8.1,8.2,8.2,8.5,9.1,10.1,11.1,12.6,13.6,14,13.9,
"Egypt, Arab Rep.",EGY,Prevalence of undernourishment (% of population),SN.ITK.DEFC.ZS,,,,,,,,,,,,,,,,,,,,,,,,,,,,,,,,,,,,,,,,,,4.8,5,5.5,5.8,5.9,5.5,5.2,5.1,5,5.2,5.3,5.5,5.8,6,6.3,6.5,6.9,6.8,6.7,6.9,7.6,8.5,
Euro area,EMU,Prevalence of undernourishment (% of population),SN.ITK.DEFC.ZS,,,,,,,,,,,,,,,,,,,,,,,,,,,,,,,,,,,,,,,,,,2.650219573,2.613616407,2.593054098,2.580075041,2.568231809,2.569844208,2.564722589,2.557095022,2.547855755,2.54640021,2.560986608,2.552416296,2.549129776,2.550595279,2.550498204,2.544120092,2.525201082,2.512589839,2.504722832,2.504720503,2.509416304,2.517138444,
Eritrea,ERI,Prevalence of undernourishment (% of population),SN.ITK.DEFC.ZS,,,,,,,,,,,,,,,,,,,,,,,,,,,,,,,,,,,,,,,,,,,,,,,,,,,,,,,,,,,,,,,,
Spain,ESP,Prevalence of undernourishment (% of population),SN.ITK.DEFC.ZS,,,,,,,,,,,,,,,,,,,,,,,,,,,,,,,,,,,,,,,,,,2.5,2.5,2.5,2.5,2.5,2.5,2.5,2.5,2.5,2.5,2.5,2.5,2.5,2.5,2.5,2.5,2.5,2.5,2.5,2.5,2.5,2.5,
Estonia,EST,Prevalence of undernourishment (% of population),SN.ITK.DEFC.ZS,,,,,,,,,,,,,,,,,,,,,,,,,,,,,,,,,,,,,,,,,,3.6,3.5,3.4,2.9,2.5,2.5,2.5,2.5,2.5,2.5,2.5,2.5,2.5,2.5,2.5,2.5,2.5,2.5,2.5,2.5,2.5,2.5,
Ethiopia,ETH,Prevalence of undernourishment (% of population),SN.ITK.DEFC.ZS,,,,,,,,,,,,,,,,,,,,,,,,,,,,,,,,,,,,,,,,,,46.6,43.7,42.2,39.7,37,33.3,29.9,26.8,23.9,21.9,20.3,18.8,17.2,15.5,14.4,14,15.4,17.9,20.9,23,23.5,22.2,
European Union,EUU,Prevalence of undernourishment (% of population),SN.ITK.DEFC.ZS,,,,,,,,,,,,,,,,,,,,,,,,,,,,,,,,,,,,,,,,,,2.645883044,2.621159113,2.610613406,2.607472614,2.596228646,2.600541881,2.589316959,2.579716995,2.572321973,2.574300995,2.590351705,2.575183737,2.564195567,2.565145782,2.563262006,2.559734042,2.53377829,2.517607934,2.511455595,2.50985417,2.507318877,2.513341441,
Fragile and conflict affected situations,FCS,Prevalence of undernourishment (% of population),SN.ITK.DEFC.ZS,,,,,,,,,,,,,,,,,,,,,,,,,,,,,,,,,,,,,,,,,,24.43340432,23.71172437,23.004449,22.07932684,21.05682342,19.94539104,18.6611272,17.68209283,16.70258618,16.24199371,15.96573824,16.14445617,15.78476477,16.01332172,16.73300893,17.37385877,18.06605558,18.4639638,19.47884287,20.35032154,21.17011846,21.73977797,
Finland,FIN,Prevalence of undernourishment (% of population),SN.ITK.DEFC.ZS,,,,,,,,,,,,,,,,,,,,,,,,,,,,,,,,,,,,,,,,,,2.5,2.5,2.5,2.5,2.5,2.5,2.5,2.5,2.5,2.5,2.5,2.5,2.5,2.5,2.5,2.5,2.5,2.5,2.5,2.5,2.5,2.5,
Fiji,FJI,Prevalence of undernourishment (% of population),SN.ITK.DEFC.ZS,,,,,,,,,,,,,,,,,,,,,,,,,,,,,,,,,,,,,,,,,,4,3.8,3.7,3.7,3.5,3.5,3.6,3.7,5,6.1,7.3,7.2,7.1,6.9,7.1,7.5,7.2,6.3,5.5,6.2,6.9,7.8,
France,FRA,Prevalence of undernourishment (% of population),SN.ITK.DEFC.ZS,,,,,,,,,,,,,,,,,,,,,,,,,,,,,,,,,,,,,,,,,,2.5,2.5,2.5,2.5,2.5,2.5,2.5,2.5,2.5,2.5,2.5,2.5,2.5,2.5,2.5,2.5,2.5,2.5,2.5,2.5,2.5,2.5,
Faroe Islands,FRO,Prevalence of undernourishment (% of population),SN.ITK.DEFC.ZS,,,,,,,,,,,,,,,,,,,,,,,,,,,,,,,,,,,,,,,,,,,,,,,,,,,,,,,,,,,,,,,,
"Micronesia, Fed. Sts.",FSM,Prevalence of undernourishment (% of population),SN.ITK.DEFC.ZS,,,,,,,,,,,,,,,,,,,,,,,,,,,,,,,,,,,,,,,,,,,,,,,,,,,,,,,,,,,,,,,,
Gabon,GAB,Prevalence of undernourishment (% of population),SN.ITK.DEFC.ZS,,,,,,,,,,,,,,,,,,,,,,,,,,,,,,,,,,,,,,,,,,10.8,12.1,13.3,14.1,14.6,14.8,14.8,14.7,14.6,14.1,13.5,13.1,13.1,13.3,14.1,15.3,16.5,17.6,18.8,19.7,20.1,20.1,
United Kingdom,GBR,Prevalence of undernourishment (% of population),SN.ITK.DEFC.ZS,,,,,,,,,,,,,,,,,,,,,,,,,,,,,,,,,,,,,,,,,,2.5,2.5,2.5,2.5,2.5,2.5,2.5,2.5,2.5,2.5,2.5,2.5,2.5,2.5,2.5,2.5,2.5,2.5,2.5,2.5,2.5,2.5,
Georgia,GEO,Prevalence of undernourishment (% of population),SN.ITK.DEFC.ZS,,,,,,,,,,,,,,,,,,,,,,,,,,,,,,,,,,,,,,,,,,7.3,5.7,4.6,3.9,4,4,4,3.6,5.1,6.8,8.3,7.9,7.5,6.7,6.6,6.7,6.6,5.5,5.4,5.2,5.2,4,
Ghana,GHA,Prevalence of undernourishment (% of population),SN.ITK.DEFC.ZS,,,,,,,,,,,,,,,,,,,,,,,,,,,,,,,,,,,,,,,,,,14.9,13.5,12.6,12.1,11.1,10.4,9.2,8.1,6.9,7,7.4,7.9,8.2,8.9,9.7,9.8,9,7.8,6.9,6,5.9,6.2,
Gibraltar,GIB,Prevalence of undernourishment (% of population),SN.ITK.DEFC.ZS,,,,,,,,,,,,,,,,,,,,,,,,,,,,,,,,,,,,,,,,,,,,,,,,,,,,,,,,,,,,,,,,
Guinea,GIN,Prevalence of undernourishment (% of population),SN.ITK.DEFC.ZS,,,,,,,,,,,,,,,,,,,,,,,,,,,,,,,,,,,,,,,,,,17.9,17.7,16.8,16.3,16.3,16.8,17.2,17.7,18.1,17.4,16.2,14.5,13.3,12.8,12.8,13.2,13.2,12.6,11.7,10.4,9.9,10.3,
"Gambia, The",GMB,Prevalence of undernourishment (% of population),SN.ITK.DEFC.ZS,,,,,,,,,,,,,,,,,,,,,,,,,,,,,,,,,,,,,,,,,,17.9,19.7,20.4,19.4,17.6,15.2,13.1,11.3,9.7,8.9,8.8,9.5,10.4,11.2,11.9,12.1,13.4,14.2,15.9,17.1,19.3,20.5,
Guinea-Bissau,GNB,Prevalence of undernourishment (% of population),SN.ITK.DEFC.ZS,,,,,,,,,,,,,,,,,,,,,,,,,,,,,,,,,,,,,,,,,,15.7,16,16.3,16.5,16.4,16.2,16.1,16.1,18.3,21,23.5,25,26.7,28.7,30,28.3,27.9,28,30.7,31.7,32.4,32.2,
Equatorial Guinea,GNQ,Prevalence of undernourishment (% of population),SN.ITK.DEFC.ZS,,,,,,,,,,,,,,,,,,,,,,,,,,,,,,,,,,,,,,,,,,,,,,,,,,,,,,,,,,,,,,,,
Greece,GRC,Prevalence of undernourishment (% of population),SN.ITK.DEFC.ZS,,,,,,,,,,,,,,,,,,,,,,,,,,,,,,,,,,,,,,,,,,2.5,2.5,2.5,2.5,2.5,2.5,2.5,2.5,2.5,2.5,2.5,2.5,2.5,2.5,2.5,2.5,2.5,2.5,2.5,2.5,2.5,2.5,
Grenada,GRD,Prevalence of undernourishment (% of population),SN.ITK.DEFC.ZS,,,,,,,,,,,,,,,,,,,,,,,,,,,,,,,,,,,,,,,,,,,,,,,,,,,,,,,,,,,,,,,,
Greenland,GRL,Prevalence of undernourishment (% of population),SN.ITK.DEFC.ZS,,,,,,,,,,,,,,,,,,,,,,,,,,,,,,,,,,,,,,,,,,,,,,,,,,,,,,,,,,,,,,,,
Guatemala,GTM,Prevalence of undernourishment (% of population),SN.ITK.DEFC.ZS,,,,,,,,,,,,,,,,,,,,,,,,,,,,,,,,,,,,,,,,,,22.5,20.2,19.3,19.5,19.3,18.2,18.6,18.1,17.4,15.7,15.2,15.6,16.1,16.1,15.6,14.8,14.4,14.1,14.1,13.6,13.2,12.6,
Guam,GUM,Prevalence of undernourishment (% of population),SN.ITK.DEFC.ZS,,,,,,,,,,,,,,,,,,,,,,,,,,,,,,,,,,,,,,,,,,,,,,,,,,,,,,,,,,,,,,,,
Guyana,GUY,Prevalence of undernourishment (% of population),SN.ITK.DEFC.ZS,,,,,,,,,,,,,,,,,,,,,,,,,,,,,,,,,,,,,,,,,,6,5.9,6.2,6.4,6.6,6.6,7,7,8.1,8.7,8.8,8,6.9,5.7,4.4,3.5,3.1,3,2.8,2.6,2.5,2.5,
High income,HIC,Prevalence of undernourishment (% of population),SN.ITK.DEFC.ZS,,,,,,,,,,,,,,,,,,,,,,,,,,,,,,,,,,,,,,,,,,2.897090187,2.806265391,2.753511989,2.707173238,2.705906391,2.702504911,2.705097909,2.71301622,2.782495668,2.811791286,2.785182309,2.732297686,2.687209209,2.667525085,2.669863945,2.664342092,2.651027998,2.623962306,2.631190472,2.63154383,2.651835313,2.655812212,
"Hong Kong SAR, China",HKG,Prevalence of undernourishment (% of population),SN.ITK.DEFC.ZS,,,,,,,,,,,,,,,,,,,,,,,,,,,,,,,,,,,,,,,,,,2.5,2.5,2.5,2.5,2.5,2.5,2.5,2.5,2.5,2.5,2.5,2.5,2.5,2.6,2.5,2.5,2.5,2.5,2.5,2.5,2.5,2.5,
Honduras,HND,Prevalence of undernourishment (% of population),SN.ITK.DEFC.ZS,,,,,,,,,,,,,,,,,,,,,,,,,,,,,,,,,,,,,,,,,,21.2,20.5,20.9,21.4,21.5,21,20.2,20,17.9,15.9,13.8,13.9,14.6,15,15,14.4,13.9,13.7,14,15.8,18.4,20.4,
Heavily indebted poor countries (HIPC),HPC,Prevalence of undernourishment (% of population),SN.ITK.DEFC.ZS,,,,,,,,,,,,,,,,,,,,,,,,,,,,,,,,,,,,,,,,,,32.36259088,31.52413049,30.6846747,29.88523713,28.72684531,27.39397412,25.93317735,24.77699359,23.30782395,22.22625496,21.36229375,21.19263475,20.49299136,20.67168688,21.1674598,21.51819455,21.80740071,22.0004607,22.53958486,23.11616605,23.58494965,23.87431537,
Croatia,HRV,Prevalence of undernourishment (% of population),SN.ITK.DEFC.ZS,,,,,,,,,,,,,,,,,,,,,,,,,,,,,,,,,,,,,,,,,,7,4.7,3.7,3.1,2.5,2.5,2.5,2.5,2.5,2.5,2.8,2.5,2.5,2.5,2.5,2.5,2.5,2.5,2.5,2.5,2.5,2.5,
Haiti,HTI,Prevalence of undernourishment (% of population),SN.ITK.DEFC.ZS,,,,,,,,,,,,,,,,,,,,,,,,,,,,,,,,,,,,,,,,,,48.1,50.2,50.8,51.7,50.8,49.7,47.8,46.1,43.2,41.1,40.2,40.3,39.4,38.2,38.3,39.1,40.6,41.6,43.6,45.1,48.2,50.4,
Hungary,HUN,Prevalence of undernourishment (% of population),SN.ITK.DEFC.ZS,,,,,,,,,,,,,,,,,,,,,,,,,,,,,,,,,,,,,,,,,,2.5,2.5,2.5,2.5,2.5,2.5,2.5,2.5,2.5,2.5,2.5,2.5,2.5,2.5,2.5,2.5,2.5,2.5,2.5,2.5,2.5,2.5,
IBRD only,IBD,Prevalence of undernourishment (% of population),SN.ITK.DEFC.ZS,,,,,,,,,,,,,,,,,,,,,,,,,,,,,,,,,,,,,,,,,,12.5826144,12.71399875,12.76943153,12.53327862,11.97483291,10.92540403,9.770738834,8.947283471,8.344590794,7.893540377,7.548089305,7.180273587,6.871183408,6.738464196,6.6007311,6.392387346,6.084209157,5.987004794,6.395431198,6.903154902,7.295541088,7.258815119,
IDA & IBRD total,IBT,Prevalence of undernourishment (% of population),SN.ITK.DEFC.ZS,,,,,,,,,,,,,,,,,,,,,,,,,,,,,,,,,,,,,,,,,,15.18387645,15.21196706,15.12702622,14.72815505,14.05973694,13.00413133,11.91531264,11.12700538,10.5366283,10.10279818,9.77725291,9.504007305,9.24058226,9.153024243,9.123316386,9.03872807,8.87882638,8.864737499,9.386616469,10.07497614,10.6812124,10.89079676,
IDA total,IDA,Prevalence of undernourishment (% of population),SN.ITK.DEFC.ZS,,,,,,,,,,,,,,,,,,,,,,,,,,,,,,,,,,,,,,,,,,24.60955228,24.14715,23.45082622,22.3799835,21.23590383,20.06439631,19.09842161,18.33072083,17.68837713,17.21868237,16.86792981,16.81233783,16.4365433,16.41004325,16.61986618,16.80841233,16.98004031,17.09610366,17.82313268,18.83317213,19.87856139,20.59522809,
IDA blend,IDB,Prevalence of undernourishment (% of population),SN.ITK.DEFC.ZS,,,,,,,,,,,,,,,,,,,,,,,,,,,,,,,,,,,,,,,,,,17.97769852,18.30566059,17.83597958,16.36103891,14.9103458,13.82964983,13.39089649,13.28969442,13.30909232,13.27390789,13.20893882,13.17759438,12.7792394,12.52454533,12.24457082,12.28381584,12.44429471,12.70820313,14.2098701,16.13805787,18.44894454,19.79156256,
Indonesia,IDN,Prevalence of undernourishment (% of population),SN.ITK.DEFC.ZS,,,,,,,,,,,,,,,,,,,,,,,,,,,,,,,,,,,,,,,,,,18.2,18.2,18,18.2,18.4,18.2,17.6,16.5,15.1,13.1,11.3,9.8,8.5,8,7.3,6.7,6,5.9,6.2,6.3,6.8,7.2,
IDA only,IDX,Prevalence of undernourishment (% of population),SN.ITK.DEFC.ZS,,,,,,,,,,,,,,,,,,,,,,,,,,,,,,,,,,,,,,,,,,28.13745651,27.25818203,26.44372074,25.59563674,24.62229485,23.40770192,22.16904107,21.05447489,20.06482522,19.36789782,18.86644238,18.79971494,18.36216442,18.45461094,18.91734674,19.17534661,19.34321335,19.37428943,19.69230787,20.20987531,20.60685624,21.00354854,
Isle of Man,IMN,Prevalence of undernourishment (% of population),SN.ITK.DEFC.ZS,,,,,,,,,,,,,,,,,,,,,,,,,,,,,,,,,,,,,,,,,,,,,,,,,,,,,,,,,,,,,,,,
India,IND,Prevalence of undernourishment (% of population),SN.ITK.DEFC.ZS,,,,,,,,,,,,,,,,,,,,,,,,,,,,,,,,,,,,,,,,,,18.3,19.9,21.5,22,21.4,19.2,16.8,15.6,15.3,14.8,14.3,13.5,12.9,12.6,12.2,11.5,10.5,10.3,11.6,13.1,14,13.7,
Not classified,INX,Prevalence of undernourishment (% of population),SN.ITK.DEFC.ZS,,,,,,,,,,,,,,,,,,,,,,,,,,,,,,,,,,,,,,,,,,,,,,,,,,,,,,,,,,,,,,,,
Ireland,IRL,Prevalence of undernourishment (% of population),SN.ITK.DEFC.ZS,,,,,,,,,,,,,,,,,,,,,,,,,,,,,,,,,,,,,,,,,,2.5,2.5,2.5,2.5,2.5,2.5,2.5,2.5,2.5,2.5,2.5,2.5,2.5,2.5,2.5,2.5,2.5,2.5,2.5,2.5,2.5,2.5,
"Iran, Islamic Rep.",IRN,Prevalence of undernourishment (% of population),SN.ITK.DEFC.ZS,,,,,,,,,,,,,,,,,,,,,,,,,,,,,,,,,,,,,,,,,,4.9,5.2,5.2,5.1,5.4,5.8,6.1,5.8,6.4,7.5,8.1,7.8,6.8,6.7,6.7,7.2,7.6,7.6,7.3,6.5,6.5,6.5,
Iraq,IRQ,Prevalence of undernourishment (% of population),SN.ITK.DEFC.ZS,,,,,,,,,,,,,,,,,,,,,,,,,,,,,,,,,,,,,,,,,,20.1,19.6,18.5,17.8,16.5,16.5,16.4,15.6,14.7,13.7,14.2,14.8,15.4,15.8,16.3,16.6,16.6,16.4,16.1,15.8,16,16.1,
Iceland,ISL,Prevalence of undernourishment (% of population),SN.ITK.DEFC.ZS,,,,,,,,,,,,,,,,,,,,,,,,,,,,,,,,,,,,,,,,,,2.5,2.5,2.5,2.5,2.5,2.5,2.5,2.5,2.5,2.5,2.5,2.5,2.5,2.5,2.5,2.5,2.5,2.5,2.5,2.5,2.5,2.5,
Israel,ISR,Prevalence of undernourishment (% of population),SN.ITK.DEFC.ZS,,,,,,,,,,,,,,,,,,,,,,,,,,,,,,,,,,,,,,,,,,2.5,2.5,2.5,2.5,2.5,2.5,2.5,2.5,2.5,2.5,2.5,2.5,2.5,2.5,2.5,2.5,2.5,2.5,2.5,2.5,2.5,2.5,
Italy,ITA,Prevalence of undernourishment (% of population),SN.ITK.DEFC.ZS,,,,,,,,,,,,,,,,,,,,,,,,,,,,,,,,,,,,,,,,,,2.5,2.5,2.5,2.5,2.5,2.5,2.5,2.5,2.5,2.5,2.5,2.5,2.5,2.5,2.5,2.5,2.5,2.5,2.5,2.5,2.5,2.5,
Jamaica,JAM,Prevalence of undernourishment (% of population),SN.ITK.DEFC.ZS,,,,,,,,,,,,,,,,,,,,,,,,,,,,,,,,,,,,,,,,,,7.2,6.8,7,7.2,7.5,7.7,8.4,9,9,8.5,8,7.7,7.8,7.5,7.9,7.6,7.2,6.2,6.7,7,7.6,7.3,
Jordan,JOR,Prevalence of undernourishment (% of population),SN.ITK.DEFC.ZS,,,,,,,,,,,,,,,,,,,,,,,,,,,,,,,,,,,,,,,,,,8.9,7,5.9,5.3,5.2,5.5,5.9,6.4,6.3,6.2,6.1,6.3,6.3,6.5,7,7.8,9.1,10.7,13.1,15.8,17.3,17.9,
Japan,JPN,Prevalence of undernourishment (% of population),SN.ITK.DEFC.ZS,,,,,,,,,,,,,,,,,,,,,,,,,,,,,,,,,,,,,,,,,,2.5,2.5,2.5,2.5,2.5,2.5,2.5,2.5,3,3.2,2.9,2.6,2.5,2.5,2.7,2.7,2.7,2.6,2.8,2.9,3.2,3.4,
Kazakhstan,KAZ,Prevalence of undernourishment (% of population),SN.ITK.DEFC.ZS,,,,,,,,,,,,,,,,,,,,,,,,,,,,,,,,,,,,,,,,,,6.5,6.6,7.1,7.4,7.3,6.3,5.1,4.3,3.8,3.2,2.7,2.5,2.5,2.5,2.5,2.5,2.5,2.5,2.5,2.5,2.5,2.5,
Kenya,KEN,Prevalence of undernourishment (% of population),SN.ITK.DEFC.ZS,,,,,,,,,,,,,,,,,,,,,,,,,,,,,,,,,,,,,,,,,,31.9,33.4,34.7,31.8,28.2,26,26.9,26.9,24.4,21.7,19.8,18.9,18.7,18.8,20.5,21.8,23.2,22.6,23.4,26,31.1,34.5,
Kyrgyz Republic,KGZ,Prevalence of undernourishment (% of population),SN.ITK.DEFC.ZS,,,,,,,,,,,,,,,,,,,,,,,,,,,,,,,,,,,,,,,,,,14.6,12.5,10.2,8.2,8.1,8.6,9.2,8.5,8.2,7.4,6.9,6.2,6,5.8,5.9,5.7,5.3,4.7,4.6,5.1,5.5,6.1,
Cambodia,KHM,Prevalence of undernourishment (% of population),SN.ITK.DEFC.ZS,,,,,,,,,,,,,,,,,,,,,,,,,,,,,,,,,,,,,,,,,,24.1,21.7,20,19.3,18,16.5,15,13.5,12.3,10.7,9.7,8.9,8.7,8.1,7.5,7,6.2,5.1,4.6,4.9,5,4.6,
Kiribati,KIR,Prevalence of undernourishment (% of population),SN.ITK.DEFC.ZS,,,,,,,,,,,,,,,,,,,,,,,,,,,,,,,,,,,,,,,,,,5.5,5.6,6,6,6.2,6.5,7.1,7.3,6.4,5.1,3.9,3.6,3.3,3.1,2.9,2.9,3,3.2,3.5,3.8,3.8,3.7,
St. Kitts and Nevis,KNA,Prevalence of undernourishment (% of population),SN.ITK.DEFC.ZS,,,,,,,,,,,,,,,,,,,,,,,,,,,,,,,,,,,,,,,,,,,,,,,,,,,,,,,,,,,,,,,,
"Korea, Rep.",KOR,Prevalence of undernourishment (% of population),SN.ITK.DEFC.ZS,,,,,,,,,,,,,,,,,,,,,,,,,,,,,,,,,,,,,,,,,,2.5,2.6,2.6,2.5,2.5,2.5,2.5,2.5,2.5,2.5,2.5,2.5,2.5,2.5,2.5,2.5,2.5,2.5,2.5,2.5,2.5,2.5,
Kuwait,KWT,Prevalence of undernourishment (% of population),SN.ITK.DEFC.ZS,,,,,,,,,,,,,,,,,,,,,,,,,,,,,,,,,,,,,,,,,,2.6,2.5,2.5,2.5,2.5,2.5,2.5,2.5,2.5,2.5,2.5,2.5,2.5,2.5,2.5,2.5,2.5,2.5,2.5,2.5,2.5,2.5,
Latin America & Caribbean (excluding high income),LAC,Prevalence of undernourishment (% of population),SN.ITK.DEFC.ZS,,,,,,,,,,,,,,,,,,,,,,,,,,,,,,,,,,,,,,,,,,10.38911547,10.13510324,9.906200651,9.584367184,9.173471935,8.685906205,8.260894843,7.943712854,7.323483831,6.7767415,6.186683602,5.900135477,5.621444873,5.404054698,5.297500324,5.259134394,5.300232333,5.266166007,5.379222454,5.794014927,6.276633202,6.244219512,
Lao PDR,LAO,Prevalence of undernourishment (% of population),SN.ITK.DEFC.ZS,,,,,,,,,,,,,,,,,,,,,,,,,,,,,,,,,,,,,,,,,,31.1,29.4,26.8,24,22.4,20.6,20.2,18.5,17.8,15.6,14.8,13.1,11.7,9.4,8,7.1,6.8,6.5,6.5,6.3,5.9,5.4,
Lebanon,LBN,Prevalence of undernourishment (% of population),SN.ITK.DEFC.ZS,,,,,,,,,,,,,,,,,,,,,,,,,,,,,,,,,,,,,,,,,,7.6,8.3,9.3,10.4,10.6,10,9.3,8.7,7.1,5.5,4,4.5,4.9,5.5,5.7,5.8,5.6,5.7,7.1,8.9,10.2,9.6,
Liberia,LBR,Prevalence of undernourishment (% of population),SN.ITK.DEFC.ZS,,,,,,,,,,,,,,,,,,,,,,,,,,,,,,,,,,,,,,,,,,36.2,37.4,36.3,34.7,33.4,33.2,31.9,30.1,30.3,32.9,35.4,36.3,36.2,36.4,35.6,34.9,34.7,35.2,36.5,37.5,38.3,38.4,
Libya,LBY,Prevalence of undernourishment (% of population),SN.ITK.DEFC.ZS,,,,,,,,,,,,,,,,,,,,,,,,,,,,,,,,,,,,,,,,,,3.5,3.9,4.2,4.5,4.8,5.2,5.5,5.9,6.3,6.6,6.8,6.7,7,7.3,7.8,8,8.4,8.8,9.9,11,11.9,11.4,
St. Lucia,LCA,Prevalence of undernourishment (% of population),SN.ITK.DEFC.ZS,,,,,,,,,,,,,,,,,,,,,,,,,,,,,,,,,,,,,,,,,,,,,,,,,,,,,,,,,,,,,,,,
Latin America & Caribbean,LCN,Prevalence of undernourishment (% of population),SN.ITK.DEFC.ZS,,,,,,,,,,,,,,,,,,,,,,,,,,,,,,,,,,,,,,,,,,10.37261505,10.12299698,9.900425978,9.398161791,8.951822612,8.427559696,7.92578368,7.545889281,6.976860426,6.472699664,5.927507801,5.652524314,5.395120337,5.258897656,5.524300162,5.784749007,6.106898267,6.028420188,6.122478344,6.404376389,6.744041659,6.608879376,
Least developed countries: UN classification,LDC,Prevalence of undernourishment (% of population),SN.ITK.DEFC.ZS,,,,,,,,,,,,,,,,,,,,,,,,,,,,,,,,,,,,,,,,,,30.82493369,29.80504532,28.83305157,27.87812032,26.82291634,25.48797091,24.16357608,22.95483906,21.66272381,20.65845628,19.89688854,19.79349763,19.21207329,19.29855356,19.83684347,20.17070153,20.35865405,20.39657845,20.77396902,21.36635795,21.75809712,22.13332161,
Low income,LIC,Prevalence of undernourishment (% of population),SN.ITK.DEFC.ZS,,,,,,,,,,,,,,,,,,,,,,,,,,,,,,,,,,,,,,,,,,33.73806791,32.79610757,31.88119639,31.11493093,30.20322427,28.95237334,27.56534711,26.46812735,24.92850399,23.99603279,23.31575761,23.59524649,22.79181577,23.4411728,24.55519705,25.36237563,25.98592878,26.29477726,26.27454025,26.92915258,27.39408138,27.79069906,
Liechtenstein,LIE,Prevalence of undernourishment (% of population),SN.ITK.DEFC.ZS,,,,,,,,,,,,,,,,,,,,,,,,,,,,,,,,,,,,,,,,,,,,,,,,,,,,,,,,,,,,,,,,
Sri Lanka,LKA,Prevalence of undernourishment (% of population),SN.ITK.DEFC.ZS,,,,,,,,,,,,,,,,,,,,,,,,,,,,,,,,,,,,,,,,,,16.6,16,15.7,15.1,14.1,13.4,12,11,10.2,10.5,10.1,9.3,7.9,6.6,5.2,4.3,4,4.2,4,3.8,3.8,4.1,
Lower middle income,LMC,Prevalence of undernourishment (% of population),SN.ITK.DEFC.ZS,,,,,,,,,,,,,,,,,,,,,,,,,,,,,,,,,,,,,,,,,,18.93736766,19.52820292,19.95842636,19.68950865,18.86708486,17.28654172,15.71391512,14.79913438,14.46239751,14.0360664,13.60851777,13.07634611,12.57991218,12.25355626,11.88999442,11.4354814,10.86123715,10.69500924,11.562575,12.75677787,13.77596665,14.03388374,
Low & middle income,LMY,Prevalence of undernourishment (% of population),SN.ITK.DEFC.ZS,,,,,,,,,,,,,,,,,,,,,,,,,,,,,,,,,,,,,,,,,,15.8169047,15.85591087,15.7616592,15.36982454,14.67669572,13.58565569,12.46497014,11.65258002,11.03575415,10.58014744,10.23656742,9.950773963,9.670690646,9.573131823,9.503955355,9.385800048,9.194297554,9.178602654,9.569498036,10.29205163,10.92843885,11.15312518,
Lesotho,LSO,Prevalence of undernourishment (% of population),SN.ITK.DEFC.ZS,,,,,,,,,,,,,,,,,,,,,,,,,,,,,,,,,,,,,,,,,,,,,,,,,,,,,,,,,,,,,,,,
Late-demographic dividend,LTE,Prevalence of undernourishment (% of population),SN.ITK.DEFC.ZS,,,,,,,,,,,,,,,,,,,,,,,,,,,,,,,,,,,,,,,,,,10.23393007,9.571726075,8.788347798,8.109972959,7.462770809,6.770908936,5.978166297,5.21676647,4.395109769,4.035861573,3.868203662,3.773584631,3.664491086,3.599417964,3.536696173,3.50081419,3.47217064,3.427385827,2.90845713,2.98603916,3.059453876,3.032992133,
Lithuania,LTU,Prevalence of undernourishment (% of population),SN.ITK.DEFC.ZS,,,,,,,,,,,,,,,,,,,,,,,,,,,,,,,,,,,,,,,,,,2.5,2.5,2.5,2.5,2.5,2.5,2.5,2.5,2.5,2.5,2.5,2.5,2.5,2.5,2.5,2.5,2.5,2.5,2.5,2.5,2.5,2.5,
Luxembourg,LUX,Prevalence of undernourishment (% of population),SN.ITK.DEFC.ZS,,,,,,,,,,,,,,,,,,,,,,,,,,,,,,,,,,,,,,,,,,2.5,2.5,2.5,2.5,2.5,2.5,2.5,2.5,2.5,2.5,2.5,2.5,2.5,2.5,2.5,2.5,2.5,2.5,2.5,2.5,2.5,2.5,
Latvia,LVA,Prevalence of undernourishment (% of population),SN.ITK.DEFC.ZS,,,,,,,,,,,,,,,,,,,,,,,,,,,,,,,,,,,,,,,,,,4.7,3.5,2.8,2.5,2.5,2.5,2.5,2.5,2.5,2.5,2.5,2.5,2.5,2.5,2.5,2.5,2.5,2.5,2.5,2.5,2.5,2.5,
"Macao SAR, China",MAC,Prevalence of undernourishment (% of population),SN.ITK.DEFC.ZS,,,,,,,,,,,,,,,,,,,,,,,,,,,,,,,,,,,,,,,,,,21.5,20.8,19.2,17.5,16,15,14.1,13.1,12,10.4,9.3,8.4,7.6,6.8,6.3,6.2,6,5.9,7.2,8.7,10.3,10.7,
St. Martin (French part),MAF,Prevalence of undernourishment (% of population),SN.ITK.DEFC.ZS,,,,,,,,,,,,,,,,,,,,,,,,,,,,,,,,,,,,,,,,,,,,,,,,,,,,,,,,,,,,,,,,
Morocco,MAR,Prevalence of undernourishment (% of population),SN.ITK.DEFC.ZS,,,,,,,,,,,,,,,,,,,,,,,,,,,,,,,,,,,,,,,,,,5.8,5.4,5.1,4.9,4.8,4.8,4.8,4.8,4.9,4.8,4.5,4.3,4.1,4,3.7,3.7,3.5,3.6,4.1,5.3,6.4,6.9,
Monaco,MCO,Prevalence of undernourishment (% of population),SN.ITK.DEFC.ZS,,,,,,,,,,,,,,,,,,,,,,,,,,,,,,,,,,,,,,,,,,,,,,,,,,,,,,,,,,,,,,,,
Moldova,MDA,Prevalence of undernourishment (% of population),SN.ITK.DEFC.ZS,,,,,,,,,,,,,,,,,,,,,,,,,,,,,,,,,,,,,,,,,,24.6,27.3,30,31.9,32.3,30.3,27,22.1,17.2,12.5,8.5,5.7,4.5,3.9,3.4,2.7,2.5,2.5,2.5,2.5,2.5,2.5,
Madagascar,MDG,Prevalence of undernourishment (% of population),SN.ITK.DEFC.ZS,,,,,,,,,,,,,,,,,,,,,,,,,,,,,,,,,,,,,,,,,,33.9,35.3,36.6,35.2,33.5,31.1,30.7,30.5,29,26.9,25.3,26.5,27.8,29.6,30.8,32.3,33.3,34.6,36,37.6,38.9,39.7,
Maldives,MDV,Prevalence of undernourishment (% of population),SN.ITK.DEFC.ZS,,,,,,,,,,,,,,,,,,,,,,,,,,,,,,,,,,,,,,,,,,,,,,,,,,,,,,,,,,,,,,,,
Middle East & North Africa,MEA,Prevalence of undernourishment (% of population),SN.ITK.DEFC.ZS,,,,,,,,,,,,,,,,,,,,,,,,,,,,,,,,,,,,,,,,,,7.895123945,7.899169076,7.909102091,7.894306136,7.790882283,7.668497453,7.548550654,7.394581719,7.354549467,7.661656345,7.874323723,8.087770436,7.987963445,8.319761223,8.855017393,9.391368147,9.830427718,9.919818793,10.05831461,10.16551774,10.67208059,11.19640663,
Mexico,MEX,Prevalence of undernourishment (% of population),SN.ITK.DEFC.ZS,,,,,,,,,,,,,,,,,,,,,,,,,,,,,,,,,,,,,,,,,,3,3.4,4,4.3,4.1,3.8,3.8,4.1,4.2,4.1,3.9,3.8,3.8,3.8,3.7,3.7,3.8,3.6,3.5,3.2,3.2,3.1,
Marshall Islands,MHL,Prevalence of undernourishment (% of population),SN.ITK.DEFC.ZS,,,,,,,,,,,,,,,,,,,,,,,,,,,,,,,,,,,,,,,,,,,,,,,,,,,,,,,,,,,,,,,,
Middle income,MIC,Prevalence of undernourishment (% of population),SN.ITK.DEFC.ZS,,,,,,,,,,,,,,,,,,,,,,,,,,,,,,,,,,,,,,,,,,14.41154336,14.50670037,14.45670427,14.07583865,13.38061514,12.28095806,11.16123623,10.35340554,9.798966763,9.367580513,9.036148985,8.680620185,8.340719205,8.149707785,7.93731182,7.696142928,7.387386935,7.303909728,7.782790163,8.446245684,9.065469668,9.233221475,
North Macedonia,MKD,Prevalence of undernourishment (% of population),SN.ITK.DEFC.ZS,,,,,,,,,,,,,,,,,,,,,,,,,,,,,,,,,,,,,,,,,,7.5,7.5,5.8,5.4,5,4.4,3.6,2.9,3.3,3.6,4,4,4,3.9,3.8,3.5,3.2,2.9,3.1,3,3.1,2.5,
Mali,MLI,Prevalence of undernourishment (% of population),SN.ITK.DEFC.ZS,,,,,,,,,,,,,,,,,,,,,,,,,,,,,,,,,,,,,,,,,,16.6,15.6,15.4,14.4,13.1,11.5,10,8.7,7.5,6.6,5.8,5.4,5.2,5,4.8,4.4,4.6,4.6,4.7,4.6,7.1,9.6,
Malta,MLT,Prevalence of undernourishment (% of population),SN.ITK.DEFC.ZS,,,,,,,,,,,,,,,,,,,,,,,,,,,,,,,,,,,,,,,,,,2.5,2.5,2.5,2.5,2.5,2.5,2.5,2.5,2.5,2.5,2.5,2.5,2.5,2.5,2.5,2.5,2.5,2.5,2.5,2.5,2.5,2.5,
Myanmar,MMR,Prevalence of undernourishment (% of population),SN.ITK.DEFC.ZS,,,,,,,,,,,,,,,,,,,,,,,,,,,,,,,,,,,,,,,,,,38.6,35.9,33.6,31.4,29,25.7,21.7,18.2,13.8,11,8.4,7.8,6.9,5.9,4.9,4.2,3.8,3.6,3.4,4,4.6,5.3,
Middle East & North Africa (excluding high income),MNA,Prevalence of undernourishment (% of population),SN.ITK.DEFC.ZS,,,,,,,,,,,,,,,,,,,,,,,,,,,,,,,,,,,,,,,,,,8.244157327,8.263069338,8.261412376,8.250344884,8.148547461,8.020563837,7.877403771,7.673210493,7.551328285,7.837850718,8.092451776,8.402698126,8.416148171,8.854655492,9.545523246,10.18705064,10.68704068,10.78685861,10.94822199,11.10705675,11.69397443,12.37381801,
Montenegro,MNE,Prevalence of undernourishment (% of population),SN.ITK.DEFC.ZS,,,,,,,,,,,,,,,,,,,,,,,,,,,,,,,,,,,,,,,,,,9.8,9.3,8.4,7,5.6,3.8,2.6,2.5,2.5,2.5,2.5,2.5,2.5,2.5,2.5,2.5,2.5,2.5,2.5,2.5,2.5,2.5,
Mongolia,MNG,Prevalence of undernourishment (% of population),SN.ITK.DEFC.ZS,,,,,,,,,,,,,,,,,,,,,,,,,,,,,,,,,,,,,,,,,,30.4,29.8,30,29.8,28.7,26.8,24.7,21.9,19.8,17.1,14.8,13,12,10.7,9,8.2,6.9,6.3,5.1,4.3,3,2.5,
Northern Mariana Islands,MNP,Prevalence of undernourishment (% of population),SN.ITK.DEFC.ZS,,,,,,,,,,,,,,,,,,,,,,,,,,,,,,,,,,,,,,,,,,,,,,,,,,,,,,,,,,,,,,,,
Mozambique,MOZ,Prevalence of undernourishment (% of population),SN.ITK.DEFC.ZS,,,,,,,,,,,,,,,,,,,,,,,,,,,,,,,,,,,,,,,,,,36.8,35.5,34.4,34.5,33.7,32.9,30.3,29,25.1,22.2,20.7,22.6,27.8,34.6,42.3,44.4,41.1,35.3,30.9,28.3,26.3,24.8,
Mauritania,MRT,Prevalence of undernourishment (% of population),SN.ITK.DEFC.ZS,,,,,,,,,,,,,,,,,,,,,,,,,,,,,,,,,,,,,,,,,,8.1,7.7,8,8.2,9.1,8.4,7.7,6.9,7,7,6.6,6.3,6.2,6.5,6.7,6.9,6.9,6.8,7,7.5,8.3,9.3,
Mauritius,MUS,Prevalence of undernourishment (% of population),SN.ITK.DEFC.ZS,,,,,,,,,,,,,,,,,,,,,,,,,,,,,,,,,,,,,,,,,,5.8,5.7,5.5,5.4,5.2,5.1,5.3,5.1,5.2,5.2,5.8,6.2,6.4,6.5,6.8,6.9,7,6.8,7.2,7.2,6.7,5.9,
Malawi,MWI,Prevalence of undernourishment (% of population),SN.ITK.DEFC.ZS,,,,,,,,,,,,,,,,,,,,,,,,,,,,,,,,,,,,,,,,,,23.3,23.5,24.1,23,21.3,19.1,17.3,15.7,14.3,13.6,13.2,13.4,14.1,14.7,15.5,15.8,16.8,17.4,18.5,19,19.4,19.9,
Malaysia,MYS,Prevalence of undernourishment (% of population),SN.ITK.DEFC.ZS,,,,,,,,,,,,,,,,,,,,,,,,,,,,,,,,,,,,,,,,,,2.5,2.8,2.9,3,3.2,3.3,3.5,3.6,3.7,3.5,3.4,3.4,3.6,3.7,3.5,3,2.7,2.5,2.5,2.5,2.5,2.5,
North America,NAC,Prevalence of undernourishment (% of population),SN.ITK.DEFC.ZS,,,,,,,,,,,,,,,,,,,,,,,,,,,,,,,,,,,,,,,,,,2.5,2.5,2.5,2.5,2.5,2.5,2.5,2.5,2.5,2.5,2.5,2.5,2.5,2.5,2.5,2.5,2.5,2.5,2.5,2.5,2.5,2.5,
Namibia,NAM,Prevalence of undernourishment (% of population),SN.ITK.DEFC.ZS,,,,,,,,,,,,,,,,,,,,,,,,,,,,,,,,,,,,,,,,,,15.6,16.5,17.7,18.5,20,22.2,24.4,26.5,28.5,29.2,27.6,25.1,23.4,22.5,21.8,20.7,20.2,19.4,19.1,19.1,20.5,22.2,
New Caledonia,NCL,Prevalence of undernourishment (% of population),SN.ITK.DEFC.ZS,,,,,,,,,,,,,,,,,,,,,,,,,,,,,,,,,,,,,,,,,,9.3,9.6,9.9,10.2,10.2,10,9.9,9.7,9,8.6,8.5,8.7,8.6,8.4,8.2,8,7.7,7.1,6.6,6,5.7,5.6,
Niger,NER,Prevalence of undernourishment (% of population),SN.ITK.DEFC.ZS,,,,,,,,,,,,,,,,,,,,,,,,,,,,,,,,,,,,,,,,,,23.2,22.3,21,19.4,19,19.1,18.4,17.7,16,15.9,15.3,15.6,15,14.3,13.3,12.6,11.8,11.7,11,12,12.5,13.3,
Nigeria,NGA,Prevalence of undernourishment (% of population),SN.ITK.DEFC.ZS,,,,,,,,,,,,,,,,,,,,,,,,,,,,,,,,,,,,,,,,,,8.8,8.8,8.5,7.8,7,6.6,6.5,6.7,7.9,9.2,10.4,10.9,10.8,10.7,10.5,10.7,11.3,11.8,13.6,15.1,17,18,
Nicaragua,NIC,Prevalence of undernourishment (% of population),SN.ITK.DEFC.ZS,,,,,,,,,,,,,,,,,,,,,,,,,,,,,,,,,,,,,,,,,,25.9,23.6,23.4,22.5,21.8,20.8,20.4,19.9,19.9,19.5,19,18.8,19.3,19.8,19.3,18.3,17.6,17.6,17.8,18.7,19.2,19.6,
Netherlands,NLD,Prevalence of undernourishment (% of population),SN.ITK.DEFC.ZS,,,,,,,,,,,,,,,,,,,,,,,,,,,,,,,,,,,,,,,,,,2.5,2.5,2.5,2.5,2.5,2.5,2.5,2.5,2.5,2.5,2.5,2.5,2.5,2.5,2.5,2.5,2.5,2.5,2.5,2.5,2.5,2.5,
Norway,NOR,Prevalence of undernourishment (% of population),SN.ITK.DEFC.ZS,,,,,,,,,,,,,,,,,,,,,,,,,,,,,,,,,,,,,,,,,,2.5,2.5,2.5,2.5,2.5,2.5,2.5,2.5,2.5,2.5,2.5,2.5,2.5,2.5,2.5,2.5,2.5,2.5,2.5,2.5,2.5,2.5,
Nepal,NPL,Prevalence of undernourishment (% of population),SN.ITK.DEFC.ZS,,,,,,,,,,,,,,,,,,,,,,,,,,,,,,,,,,,,,,,,,,23.9,22.2,20.2,17.9,17,16,14.9,13,11.5,10.4,9.5,8.8,8.1,7.6,6.6,5.7,5.1,5,5.2,5.6,5.7,5.7,
Nauru,NRU,Prevalence of undernourishment (% of population),SN.ITK.DEFC.ZS,,,,,,,,,,,,,,,,,,,,,,,,,,,,,,,,,,,,,,,,,,,,,,,,,,,,,,,,,,,,,,,,
New Zealand,NZL,Prevalence of undernourishment (% of population),SN.ITK.DEFC.ZS,,,,,,,,,,,,,,,,,,,,,,,,,,,,,,,,,,,,,,,,,,2.5,2.5,2.5,2.5,2.5,2.5,2.5,2.5,2.5,2.5,2.5,2.5,2.5,2.5,2.5,2.5,2.5,2.5,2.5,2.5,2.5,2.5,
OECD members,OED,Prevalence of undernourishment (% of population),SN.ITK.DEFC.ZS,,,,,,,,,,,,,,,,,,,,,,,,,,,,,,,,,,,,,,,,,,2.854869396,2.923175862,3.012235489,3.055933696,3.021799022,2.954249738,2.919104074,2.956138806,3.024009793,3.044025632,2.963268236,2.872129139,2.808316389,2.761982936,2.743865343,2.723771614,2.716941153,2.685765261,2.69013833,2.673062758,2.695090436,2.70580947,
Oman,OMN,Prevalence of undernourishment (% of population),SN.ITK.DEFC.ZS,,,,,,,,,,,,,,,,,,,,,,,,,,,,,,,,,,,,,,,,,,13.3,12.1,11.8,10.7,10.2,10,10,9.7,7.5,6.3,5.6,6.6,6.8,6.8,7.2,7.2,7,6.3,5.8,5.7,5.7,5.7,
Other small states,OSS,Prevalence of undernourishment (% of population),SN.ITK.DEFC.ZS,,,,,,,,,,,,,,,,,,,,,,,,,,,,,,,,,,,,,,,,,,14.45522147,13.68807568,12.68859953,11.97623885,11.55293791,11.19396179,11.0371863,11.03137483,10.98949113,10.62344169,10.18190324,9.614422266,9.086119506,8.739788949,8.650789444,8.623926159,8.513050186,8.25854807,8.185069307,8.262981416,8.491491565,8.642056679,
Pakistan,PAK,Prevalence of undernourishment (% of population),SN.ITK.DEFC.ZS,,,,,,,,,,,,,,,,,,,,,,,,,,,,,,,,,,,,,,,,,,20.7,21.3,20.4,18.5,17,15.8,15.2,15.2,15.2,14.9,14.5,14.4,13.6,12.9,11.8,11.2,10.6,10.8,12.8,15.8,18.9,20.7,
Panama,PAN,Prevalence of undernourishment (% of population),SN.ITK.DEFC.ZS,,,,,,,,,,,,,,,,,,,,,,,,,,,,,,,,,,,,,,,,,,23.6,19.7,20.1,20.3,20.6,17.7,15.4,13.4,11.5,9.8,7.9,7.2,7.1,7.1,7,6.6,5.8,5,4.4,4.7,5.1,5.6,
Peru,PER,Prevalence of undernourishment (% of population),SN.ITK.DEFC.ZS,,,,,,,,,,,,,,,,,,,,,,,,,,,,,,,,,,,,,,,,,,20.3,21.7,22,20.6,17.7,14.8,12.8,10.8,9.3,8.5,7.8,6.8,5.7,5.4,5.8,6.4,6.6,6.2,6.5,6.7,7.1,7,
Philippines,PHL,Prevalence of undernourishment (% of population),SN.ITK.DEFC.ZS,,,,,,,,,,,,,,,,,,,,,,,,,,,,,,,,,,,,,,,,,,18.8,18.6,17.3,16.2,14.6,13.4,12.2,11.3,12.2,13.1,13.6,12.9,12.1,11.4,10,8.6,7.1,6,5.6,5.8,6,5.9,
Palau,PLW,Prevalence of undernourishment (% of population),SN.ITK.DEFC.ZS,,,,,,,,,,,,,,,,,,,,,,,,,,,,,,,,,,,,,,,,,,,,,,,,,,,,,,,,,,,,,,,,
Papua New Guinea,PNG,Prevalence of undernourishment (% of population),SN.ITK.DEFC.ZS,,,,,,,,,,,,,,,,,,,,,,,,,,,,,,,,,,,,,,,,,,26.6,27.3,28,28.9,27.8,27.8,27.1,27.5,28.4,29.2,29.1,27.6,26.3,26.5,26.8,27.2,27.3,27.5,27.3,27.4,27,27.7,
Poland,POL,Prevalence of undernourishment (% of population),SN.ITK.DEFC.ZS,,,,,,,,,,,,,,,,,,,,,,,,,,,,,,,,,,,,,,,,,,2.5,2.5,2.5,2.5,2.5,2.5,2.5,2.5,2.5,2.5,2.5,2.5,2.5,2.5,2.5,2.5,2.5,2.5,2.5,2.5,2.5,2.5,
Pre-demographic dividend,PRE,Prevalence of undernourishment (% of population),SN.ITK.DEFC.ZS,,,,,,,,,,,,,,,,,,,,,,,,,,,,,,,,,,,,,,,,,,25.95906591,25.67034061,24.98635367,24.11008042,22.96146149,22.0908967,21.34215579,20.77679268,19.78592429,18.97833364,18.41494863,18.51249577,18.19989631,18.55690549,19.22784514,19.77747815,20.11413299,20.09992084,20.70013003,21.43160087,22.43674108,23.21952513,
Puerto Rico,PRI,Prevalence of undernourishment (% of population),SN.ITK.DEFC.ZS,,,,,,,,,,,,,,,,,,,,,,,,,,,,,,,,,,,,,,,,,,,,,,,,,,,,,,,,,,,,,,,,
"Korea, Dem. People's Rep.",PRK,Prevalence of undernourishment (% of population),SN.ITK.DEFC.ZS,,,,,,,,,,,,,,,,,,,,,,,,,,,,,,,,,,,,,,,,,,36,35.3,32.9,33.2,34.5,36.9,39.1,40.5,41.3,41.6,41.6,41.8,41.8,42.7,43.3,44.2,45.8,45.3,,,,,
Portugal,PRT,Prevalence of undernourishment (% of population),SN.ITK.DEFC.ZS,,,,,,,,,,,,,,,,,,,,,,,,,,,,,,,,,,,,,,,,,,2.5,2.5,2.5,2.5,2.5,2.5,2.5,2.5,2.5,2.5,2.5,2.5,2.5,2.5,2.5,2.5,2.5,2.5,2.5,2.5,2.5,2.5,
Paraguay,PRY,Prevalence of undernourishment (% of population),SN.ITK.DEFC.ZS,,,,,,,,,,,,,,,,,,,,,,,,,,,,,,,,,,,,,,,,,,9.9,8.7,8.2,7.5,7,5.6,4.3,3.4,2.7,2.5,2.5,2.5,2.5,2.5,2.5,2.6,2.6,2.7,3.1,3.4,3.9,4.5,
West Bank and Gaza,PSE,Prevalence of undernourishment (% of population),SN.ITK.DEFC.ZS,,,,,,,,,,,,,,,,,,,,,,,,,,,,,,,,,,,,,,,,,,,,,,,,,,,,,,,,,,,,,,,,
Pacific island small states,PSS,Prevalence of undernourishment (% of population),SN.ITK.DEFC.ZS,,,,,,,,,,,,,,,,,,,,,,,,,,,,,,,,,,,,,,,,,,6.488081971,6.386709131,6.226338613,6.246408209,6.151737075,6.22950836,6.28260491,6.500982614,7.215582915,8.063214582,9.037553902,9.535706868,9.909082601,9.94786877,10.00570227,10.10860789,9.970938338,9.679274551,9.734541497,10.41587764,10.98105856,11.20789369,
Post-demographic dividend,PST,Prevalence of undernourishment (% of population),SN.ITK.DEFC.ZS,,,,,,,,,,,,,,,,,,,,,,,,,,,,,,,,,,,,,,,,,,2.569315892,2.543132535,2.543125403,2.537666975,2.52532093,2.526148525,2.522812315,2.520785213,2.579858092,2.603730612,2.570120837,2.529188824,2.51352914,2.513754525,2.535383783,2.535770958,2.535038863,2.537146071,2.589088788,2.624311814,2.695895483,2.728370482,
French Polynesia,PYF,Prevalence of undernourishment (% of population),SN.ITK.DEFC.ZS,,,,,,,,,,,,,,,,,,,,,,,,,,,,,,,,,,,,,,,,,,4.1,4,3.9,3.9,3.9,4,4,3.9,4.1,4.5,4.8,4.9,5.1,5.3,5.7,6.1,6.6,6.4,5.8,5.2,5,5.4,
Qatar,QAT,Prevalence of undernourishment (% of population),SN.ITK.DEFC.ZS,,,,,,,,,,,,,,,,,,,,,,,,,,,,,,,,,,,,,,,,,,,,,,,,,,,,,,,,,,,,,,,,
Romania,ROU,Prevalence of undernourishment (% of population),SN.ITK.DEFC.ZS,,,,,,,,,,,,,,,,,,,,,,,,,,,,,,,,,,,,,,,,,,2.5,2.5,2.5,2.5,2.5,2.5,2.5,2.5,2.5,2.5,2.5,2.5,2.5,2.5,2.5,2.5,2.5,2.5,2.5,2.5,2.5,2.5,
Russian Federation,RUS,Prevalence of undernourishment (% of population),SN.ITK.DEFC.ZS,,,,,,,,,,,,,,,,,,,,,,,,,,,,,,,,,,,,,,,,,,4.1,3.4,2.9,2.5,2.5,2.5,2.5,2.5,2.5,2.5,2.5,2.5,2.5,2.5,2.5,2.5,2.5,2.5,2.5,2.5,2.5,2.5,
Rwanda,RWA,Prevalence of undernourishment (% of population),SN.ITK.DEFC.ZS,,,,,,,,,,,,,,,,,,,,,,,,,,,,,,,,,,,,,,,,,,37.7,34.4,33.8,36.2,36.9,36.8,36.6,36.6,36.1,35.7,35.3,35.6,35.7,35.5,34.7,33.6,33.5,33.8,34.9,34.7,33.2,31.4,
South Asia,SAS,Prevalence of undernourishment (% of population),SN.ITK.DEFC.ZS,,,,,,,,,,,,,,,,,,,,,,,,,,,,,,,,,,,,,,,,,,18.76389163,19.8971833,20.86709496,20.88864734,20.2114257,18.3235644,16.38376864,15.35764162,15.19295426,14.80049469,14.42646694,13.80459133,13.21010144,12.81762926,12.37048038,11.71991416,10.84950503,10.67437936,11.86160575,13.42606099,14.49659081,14.54310247,
Saudi Arabia,SAU,Prevalence of undernourishment (% of population),SN.ITK.DEFC.ZS,,,,,,,,,,,,,,,,,,,,,,,,,,,,,,,,,,,,,,,,,,5,4.9,5,4.8,4.5,4.4,4.6,5.3,6.6,7.8,7.9,7.3,5.8,5.1,4.2,4.1,4.2,4.3,4.3,4,3.5,3,
Sudan,SDN,Prevalence of undernourishment (% of population),SN.ITK.DEFC.ZS,,,,,,,,,,,,,,,,,,,,,,,,,,,,,,,,,,,,,,,,,,,,,,,,,,,,,,9.2,8.8,9.2,10,10.5,10.9,10.8,11.1,11,11.4,
Senegal,SEN,Prevalence of undernourishment (% of population),SN.ITK.DEFC.ZS,,,,,,,,,,,,,,,,,,,,,,,,,,,,,,,,,,,,,,,,,,24.4,23.1,21.5,19.7,18,16.4,13.5,11.8,10.7,10.9,10.8,11,10.9,10.7,9.6,8.5,7.4,6.6,5.6,4.7,4.5,4.6,
Singapore,SGP,Prevalence of undernourishment (% of population),SN.ITK.DEFC.ZS,,,,,,,,,,,,,,,,,,,,,,,,,,,,,,,,,,,,,,,,,,,,,,,,,,,,,,,,,,,,,,,,
Solomon Islands,SLB,Prevalence of undernourishment (% of population),SN.ITK.DEFC.ZS,,,,,,,,,,,,,,,,,,,,,,,,,,,,,,,,,,,,,,,,,,12.6,12.5,12,12.1,12,12.2,12.1,12.7,13.1,14.2,15.5,17.1,18.5,18.7,18.3,17.7,17.5,17.5,18.4,19.4,19.9,19.4,
Sierra Leone,SLE,Prevalence of undernourishment (% of population),SN.ITK.DEFC.ZS,,,,,,,,,,,,,,,,,,,,,,,,,,,,,,,,,,,,,,,,,,50.1,49.3,48.8,48.3,46.2,43.3,41.3,39.9,33.5,27.1,21.9,22.2,23.5,23.4,24.5,24.9,26.5,27.5,28.2,28.2,28.2,28.4,
El Salvador,SLV,Prevalence of undernourishment (% of population),SN.ITK.DEFC.ZS,,,,,,,,,,,,,,,,,,,,,,,,,,,,,,,,,,,,,,,,,,6.7,6.6,7.3,8.1,8.6,8.8,9.1,9.4,9.3,9.2,9.1,9.2,9.3,9.5,9.2,8.5,7.6,6.9,6.9,6.6,7.1,6.8,
San Marino,SMR,Prevalence of undernourishment (% of population),SN.ITK.DEFC.ZS,,,,,,,,,,,,,,,,,,,,,,,,,,,,,,,,,,,,,,,,,,,,,,,,,,,,,,,,,,,,,,,,
Somalia,SOM,Prevalence of undernourishment (% of population),SN.ITK.DEFC.ZS,,,,,,,,,,,,,,,,,,,,,,,,,,,,,,,,,,,,,,,,,,70.2,70.2,70.1,70,70,70,70,70.1,71.3,71.4,70.2,66.5,62.6,60.8,60,59.5,58.3,55.5,53.3,51.1,50.7,51.3,
Serbia,SRB,Prevalence of undernourishment (% of population),SN.ITK.DEFC.ZS,,,,,,,,,,,,,,,,,,,,,,,,,,,,,,,,,,,,,,,,,,3.6,3.4,3,2.7,2.6,2.7,2.8,2.8,2.5,2.5,2.5,2.5,2.5,2.5,2.5,2.5,2.5,2.5,2.5,2.5,2.5,2.5,
Sub-Saharan Africa (excluding high income),SSA,Prevalence of undernourishment (% of population),SN.ITK.DEFC.ZS,,,,,,,,,,,,,,,,,,,,,,,,,,,,,,,,,,,,,,,,,,25.91215847,25.37875264,24.845442,23.98719305,22.84393601,21.80722882,20.91590878,20.22662929,19.25798728,18.53272883,17.95732733,17.83579285,17.47179271,17.69599585,18.17479532,18.59766563,18.97352913,19.19021111,19.96966703,20.75801776,21.63122351,22.14198219,
South Sudan,SSD,Prevalence of undernourishment (% of population),SN.ITK.DEFC.ZS,,,,,,,,,,,,,,,,,,,,,,,,,,,,,,,,,,,,,,,,,,,,,,,,,,,,,,,,,,,,,19.6,19.3,19.6,
Sub-Saharan Africa,SSF,Prevalence of undernourishment (% of population),SN.ITK.DEFC.ZS,,,,,,,,,,,,,,,,,,,,,,,,,,,,,,,,,,,,,,,,,,25.90925984,25.3759222,24.84276986,23.98470194,22.84163086,21.80505586,20.91390433,20.22468872,19.25626,18.53114303,17.95597486,17.83450611,17.47057466,17.69475216,18.17345701,18.59626047,18.97207427,19.18873508,19.9681299,20.75645338,21.62961244,22.14003361,
Small states,SST,Prevalence of undernourishment (% of population),SN.ITK.DEFC.ZS,,,,,,,,,,,,,,,,,,,,,,,,,,,,,,,,,,,,,,,,,,12.24499315,11.66232681,10.91850047,10.38906364,10.06154883,9.761844585,9.698788506,9.707503389,9.813374904,9.690341238,9.527324009,9.170791609,8.798011511,8.518354619,8.43540264,8.413009923,8.295091197,8.034220711,7.974458748,8.14981071,8.41713954,8.562465253,
Sao Tome and Principe,STP,Prevalence of undernourishment (% of population),SN.ITK.DEFC.ZS,,,,,,,,,,,,,,,,,,,,,,,,,,,,,,,,,,,,,,,,,,15.4,13.5,12.2,11,10.3,10.4,11.3,12.7,14.5,16.5,17.8,17.7,17.7,18.1,18.1,17.8,17.3,17.1,16.3,15.5,15.7,16.4,
Suriname,SUR,Prevalence of undernourishment (% of population),SN.ITK.DEFC.ZS,,,,,,,,,,,,,,,,,,,,,,,,,,,,,,,,,,,,,,,,,,11.1,11,10.4,9.8,9.2,8.3,8.4,7.9,7.8,7.9,8.4,8.4,8.1,8.4,9.1,9.8,9.8,9.4,9.1,9.3,9.8,10.1,
Slovak Republic,SVK,Prevalence of undernourishment (% of population),SN.ITK.DEFC.ZS,,,,,,,,,,,,,,,,,,,,,,,,,,,,,,,,,,,,,,,,,,6.2,6.3,6.1,5.9,5.6,5.7,5.5,5.1,4.9,5.2,6.1,5.8,5.6,5.7,5.7,5.3,4.1,3.3,2.8,2.8,3.1,3.6,
Slovenia,SVN,Prevalence of undernourishment (% of population),SN.ITK.DEFC.ZS,,,,,,,,,,,,,,,,,,,,,,,,,,,,,,,,,,,,,,,,,,2.5,2.5,2.5,2.5,2.5,2.5,2.5,2.5,2.5,2.5,2.5,2.5,2.5,2.5,2.5,2.5,2.5,2.5,2.5,2.5,2.5,2.5,
Sweden,SWE,Prevalence of undernourishment (% of population),SN.ITK.DEFC.ZS,,,,,,,,,,,,,,,,,,,,,,,,,,,,,,,,,,,,,,,,,,2.5,2.5,2.5,2.5,2.5,2.5,2.5,2.5,2.5,2.5,2.5,2.5,2.5,2.5,2.5,2.5,2.5,2.5,2.5,2.5,2.5,2.5,
Eswatini,SWZ,Prevalence of undernourishment (% of population),SN.ITK.DEFC.ZS,,,,,,,,,,,,,,,,,,,,,,,,,,,,,,,,,,,,,,,,,,10.4,9.7,8.4,8.6,9.5,10.6,11.3,11.5,17,21,23.8,20.2,17.3,15.8,15.8,15.9,14.7,13.2,11.6,11.3,11.6,12.4,
Sint Maarten (Dutch part),SXM,Prevalence of undernourishment (% of population),SN.ITK.DEFC.ZS,,,,,,,,,,,,,,,,,,,,,,,,,,,,,,,,,,,,,,,,,,,,,,,,,,,,,,,,,,,,,,,,
Seychelles,SYC,Prevalence of undernourishment (% of population),SN.ITK.DEFC.ZS,,,,,,,,,,,,,,,,,,,,,,,,,,,,,,,,,,,,,,,,,,2.6,2.7,2.6,2.6,2.6,2.6,2.8,2.6,3.2,3.8,4.7,5,4.7,4.5,3.9,3.4,3,2.7,2.5,2.5,2.5,2.5,
Syrian Arab Republic,SYR,Prevalence of undernourishment (% of population),SN.ITK.DEFC.ZS,,,,,,,,,,,,,,,,,,,,,,,,,,,,,,,,,,,,,,,,,,7.7,7.3,6.9,6.5,6.2,6,5.8,5.5,5.2,5.2,5.9,7.1,8.2,9.1,10.8,13.4,17.6,21.8,26.4,29.6,32.2,34,
Turks and Caicos Islands,TCA,Prevalence of undernourishment (% of population),SN.ITK.DEFC.ZS,,,,,,,,,,,,,,,,,,,,,,,,,,,,,,,,,,,,,,,,,,,,,,,,,,,,,,,,,,,,,,,,
Chad,TCD,Prevalence of undernourishment (% of population),SN.ITK.DEFC.ZS,,,,,,,,,,,,,,,,,,,,,,,,,,,,,,,,,,,,,,,,,,38.4,37.2,37.7,36.1,34.6,32.2,30,28.1,26.2,25.1,23.8,23.3,23.7,25.1,25.8,26.1,26.6,28,29.7,31.8,33.6,35.1,
East Asia & Pacific (IDA & IBRD countries),TEA,Prevalence of undernourishment (% of population),SN.ITK.DEFC.ZS,,,,,,,,,,,,,,,,,,,,,,,,,,,,,,,,,,,,,,,,,,13.14449127,12.53061551,11.70862878,10.99417949,10.18373957,9.2618082,8.203118572,7.139155164,6.07314403,5.463287037,5.108568089,4.834119097,4.562441103,4.409447032,4.181299794,3.989542576,3.77981765,3.667564302,3.631607327,3.645132275,3.715288531,3.778652824,
Europe & Central Asia (IDA & IBRD countries),TEC,Prevalence of undernourishment (% of population),SN.ITK.DEFC.ZS,,,,,,,,,,,,,,,,,,,,,,,,,,,,,,,,,,,,,,,,,,5.855902843,5.633357464,5.423045936,5.046149016,4.669023817,4.208997525,3.86101924,3.600463286,3.402182481,3.237732109,3.120365535,3.042103718,2.99647352,2.95021586,2.901018164,2.859212395,2.820034489,2.803338502,2.860979898,2.918423818,3.020478547,3.036021107,
Togo,TGO,Prevalence of undernourishment (% of population),SN.ITK.DEFC.ZS,,,,,,,,,,,,,,,,,,,,,,,,,,,,,,,,,,,,,,,,,,31.5,31.4,30.1,28.4,27,25.7,24.3,22.8,21.2,20.3,20,19.9,19.6,20.1,20.2,20.7,20.5,19.9,18.3,16,14.1,12.8,
Thailand,THA,Prevalence of undernourishment (% of population),SN.ITK.DEFC.ZS,,,,,,,,,,,,,,,,,,,,,,,,,,,,,,,,,,,,,,,,,,17.4,16.5,15.2,13.9,12.1,10.8,10.3,10.8,10.4,10.1,9.2,9.1,8.5,7.9,7.4,7.3,7.3,7,6.4,6.1,5.8,5.6,
Tajikistan,TJK,Prevalence of undernourishment (% of population),SN.ITK.DEFC.ZS,,,,,,,,,,,,,,,,,,,,,,,,,,,,,,,,,,,,,,,,,,40.1,41,41.4,40.2,38.1,35.4,32.6,29.9,27.3,24.9,23,21.9,20.6,18.8,16.3,14.2,12.4,10.6,9.9,9.4,9.5,8.7,
Turkmenistan,TKM,Prevalence of undernourishment (% of population),SN.ITK.DEFC.ZS,,,,,,,,,,,,,,,,,,,,,,,,,,,,,,,,,,,,,,,,,,6.4,5.9,5.1,4.5,4.2,4,4,4,4.3,4.5,4.6,4.5,4,3.5,3.3,3.3,3.4,3.5,3.6,3.8,3.9,4.1,
Latin America & the Caribbean (IDA & IBRD countries),TLA,Prevalence of undernourishment (% of population),SN.ITK.DEFC.ZS,,,,,,,,,,,,,,,,,,,,,,,,,,,,,,,,,,,,,,,,,,10.54416388,10.28733113,10.05831631,9.543845565,9.086688383,8.550137689,8.036731283,7.647896308,7.066349024,6.551244692,5.994553935,5.713529705,5.450523828,5.311087288,5.58088076,5.845553085,6.172935459,6.092329822,6.187405979,6.473683036,6.818561451,6.680174141,
Timor-Leste,TLS,Prevalence of undernourishment (% of population),SN.ITK.DEFC.ZS,,,,,,,,,,,,,,,,,,,,,,,,,,,,,,,,,,,,,,,,,,42.4,37,33,31.7,30.7,29.7,28.7,28.8,24.3,19.6,14.5,13.7,12.9,12.3,12.2,12.4,13.2,13.4,14.5,15.4,16,15.9,
Middle East & North Africa (IDA & IBRD countries),TMN,Prevalence of undernourishment (% of population),SN.ITK.DEFC.ZS,,,,,,,,,,,,,,,,,,,,,,,,,,,,,,,,,,,,,,,,,,8.244157327,8.263069338,8.261412376,8.250344884,8.148547461,8.020563837,7.877403771,7.673210493,7.551328285,7.837850718,8.092451776,8.402698126,8.416148171,8.854655492,9.545523246,10.18705064,10.68704068,10.78685861,10.94822199,11.10705675,11.69397443,12.37381801,
Tonga,TON,Prevalence of undernourishment (% of population),SN.ITK.DEFC.ZS,,,,,,,,,,,,,,,,,,,,,,,,,,,,,,,,,,,,,,,,,,,,,,,,,,,,,,,,,,,,,,,,
South Asia (IDA & IBRD),TSA,Prevalence of undernourishment (% of population),SN.ITK.DEFC.ZS,,,,,,,,,,,,,,,,,,,,,,,,,,,,,,,,,,,,,,,,,,18.76389163,19.8971833,20.86709496,20.88864734,20.2114257,18.3235644,16.38376864,15.35764162,15.19295426,14.80049469,14.42646694,13.80459133,13.21010144,12.81762926,12.37048038,11.71991416,10.84950503,10.67437936,11.86160575,13.42606099,14.49659081,14.54310247,
Sub-Saharan Africa (IDA & IBRD countries),TSS,Prevalence of undernourishment (% of population),SN.ITK.DEFC.ZS,,,,,,,,,,,,,,,,,,,,,,,,,,,,,,,,,,,,,,,,,,25.90925984,25.3759222,24.84276986,23.98470194,22.84163086,21.80505586,20.91390433,20.22468872,19.25626,18.53114303,17.95597486,17.83450611,17.47057466,17.69475216,18.17345701,18.59626047,18.97207427,19.18873508,19.9681299,20.75645338,21.62961244,22.14003361,
Trinidad and Tobago,TTO,Prevalence of undernourishment (% of population),SN.ITK.DEFC.ZS,,,,,,,,,,,,,,,,,,,,,,,,,,,,,,,,,,,,,,,,,,9.6,10.1,10.7,11.2,10.8,10.3,9.8,9.4,9,8.1,7.2,6.6,6.5,6.6,6.8,6.8,6.9,7,9.1,11.2,12.8,12.6,
Tunisia,TUN,Prevalence of undernourishment (% of population),SN.ITK.DEFC.ZS,,,,,,,,,,,,,,,,,,,,,,,,,,,,,,,,,,,,,,,,,,4.1,4.2,4.2,4.1,4,4,3.8,3.6,3.6,3.7,3.8,3.6,3.5,3.3,3.2,3.1,3,2.7,2.8,3.2,3.4,3.2,
Turkiye,TUR,Prevalence of undernourishment (% of population),SN.ITK.DEFC.ZS,,,,,,,,,,,,,,,,,,,,,,,,,,,,,,,,,,,,,,,,,,3.9,4.3,4.6,4.5,3.8,2.9,2.5,2.5,2.5,2.5,2.5,2.5,2.5,2.5,2.5,2.5,2.5,2.5,2.5,2.5,2.5,2.5,
Tuvalu,TUV,Prevalence of undernourishment (% of population),SN.ITK.DEFC.ZS,,,,,,,,,,,,,,,,,,,,,,,,,,,,,,,,,,,,,,,,,,,,,,,,,,,,,,,,,,,,,,,,
Tanzania,TZA,Prevalence of undernourishment (% of population),SN.ITK.DEFC.ZS,,,,,,,,,,,,,,,,,,,,,,,,,,,,,,,,,,,,,,,,,,32.6,33.4,32,31.4,28.4,26.9,25.8,25,24.7,24.1,23.3,22.2,21.7,21.7,21.9,22.5,23.3,23.6,23.7,23.5,23.9,23.8,
Uganda,UGA,Prevalence of undernourishment (% of population),SN.ITK.DEFC.ZS,,,,,,,,,,,,,,,,,,,,,,,,,,,,,,,,,,,,,,,,,,21,19.3,18.2,18,18.6,19.1,19.4,19.7,19.7,20.4,21.1,22.4,24.4,27.9,33.3,37.5,38.9,38.4,37.3,37.1,36.8,36.9,
Ukraine,UKR,Prevalence of undernourishment (% of population),SN.ITK.DEFC.ZS,,,,,,,,,,,,,,,,,,,,,,,,,,,,,,,,,,,,,,,,,,3,2.5,2.5,2.5,2.5,2.5,2.5,2.5,2.5,2.5,2.5,2.5,2.5,2.5,2.5,2.5,2.6,3,3.7,4.3,5.3,5.8,
Upper middle income,UMC,Prevalence of undernourishment (% of population),SN.ITK.DEFC.ZS,,,,,,,,,,,,,,,,,,,,,,,,,,,,,,,,,,,,,,,,,,10.31600748,9.91585095,9.376383275,8.841013289,8.216326989,7.524245959,6.79015458,6.044747922,5.238147342,4.759603026,4.48364173,4.271248646,4.059042936,3.974644904,3.888067245,3.838844457,3.780302872,3.759180217,3.803777807,3.871729254,4.023187953,4.044441717,
Uruguay,URY,Prevalence of undernourishment (% of population),SN.ITK.DEFC.ZS,,,,,,,,,,,,,,,,,,,,,,,,,,,,,,,,,,,,,,,,,,3.2,2.9,2.9,2.8,2.7,2.5,2.5,2.5,2.5,2.5,2.5,2.5,2.5,2.5,2.5,2.5,2.5,2.5,2.5,2.5,2.5,2.5,
United States,USA,Prevalence of undernourishment (% of population),SN.ITK.DEFC.ZS,,,,,,,,,,,,,,,,,,,,,,,,,,,,,,,,,,,,,,,,,,2.5,2.5,2.5,2.5,2.5,2.5,2.5,2.5,2.5,2.5,2.5,2.5,2.5,2.5,2.5,2.5,2.5,2.5,2.5,2.5,2.5,2.5,
Uzbekistan,UZB,Prevalence of undernourishment (% of population),SN.ITK.DEFC.ZS,,,,,,,,,,,,,,,,,,,,,,,,,,,,,,,,,,,,,,,,,,18,19.3,18.8,16.6,14.2,11.1,8.5,6.4,4.8,3.6,2.7,2.5,2.5,2.5,2.5,2.5,2.5,2.5,2.5,2.5,2.5,2.5,
St. Vincent and the Grenadines,VCT,Prevalence of undernourishment (% of population),SN.ITK.DEFC.ZS,,,,,,,,,,,,,,,,,,,,,,,,,,,,,,,,,,,,,,,,,,13.8,12.2,9.8,9,8.2,7.5,7,6.6,6.3,6,5.7,5.5,5.3,5.1,5.2,5.2,5.5,5.6,5.9,6.1,5.8,4.8,
"Venezuela, RB",VEN,Prevalence of undernourishment (% of population),SN.ITK.DEFC.ZS,,,,,,,,,,,,,,,,,,,,,,,,,,,,,,,,,,,,,,,,,,14.1,14.2,13.8,9.3,7.8,6.5,4.4,2.6,2.5,2.5,2.5,2.5,2.5,3.8,11.1,17.2,23.4,23.2,23.9,22.2,20,17.6,
British Virgin Islands,VGB,Prevalence of undernourishment (% of population),SN.ITK.DEFC.ZS,,,,,,,,,,,,,,,,,,,,,,,,,,,,,,,,,,,,,,,,,,,,,,,,,,,,,,,,,,,,,,,,
Virgin Islands (U.S.),VIR,Prevalence of undernourishment (% of population),SN.ITK.DEFC.ZS,,,,,,,,,,,,,,,,,,,,,,,,,,,,,,,,,,,,,,,,,,,,,,,,,,,,,,,,,,,,,,,,
Viet Nam,VNM,Prevalence of undernourishment (% of population),SN.ITK.DEFC.ZS,,,,,,,,,,,,,,,,,,,,,,,,,,,,,,,,,,,,,,,,,,19.5,17.7,16.1,15.4,15.3,15,13.9,12.7,11.4,10.5,9.3,8.8,8.3,8.2,7.8,7.5,7,6.6,6,5.5,5.2,5.2,
Vanuatu,VUT,Prevalence of undernourishment (% of population),SN.ITK.DEFC.ZS,,,,,,,,,,,,,,,,,,,,,,,,,,,,,,,,,,,,,,,,,,6.9,6.9,6.9,6.8,6.8,6.4,6.1,5.9,6.1,6.4,7,7.5,7.5,7.4,7.4,7.4,7.4,7.5,7.8,8,8.1,7.9,
World,WLD,Prevalence of undernourishment (% of population),SN.ITK.DEFC.ZS,,,,,,,,,,,,,,,,,,,,,,,,,,,,,,,,,,,,,,,,,,13,13,12.9,12.6,12,11.2,10.3,9.6,9.1,8.7,8.3,8,7.7,7.6,7.5,7.5,7.3,7.3,7.8,8.3,8.9,9.1,
Samoa,WSM,Prevalence of undernourishment (% of population),SN.ITK.DEFC.ZS,,,,,,,,,,,,,,,,,,,,,,,,,,,,,,,,,,,,,,,,,,3.1,3.1,2.9,2.8,2.8,3.2,3.4,3.5,3.6,4.1,4.3,4.3,4,4.2,4.5,5,4.8,4.7,4.5,4.4,5.1,5.4,
Kosovo,XKX,Prevalence of undernourishment (% of population),SN.ITK.DEFC.ZS,,,,,,,,,,,,,,,,,,,,,,,,,,,,,,,,,,,,,,,,,,,,,,,,,,,,,,,,,,,,,,,,
"Yemen, Rep.",YEM,Prevalence of undernourishment (% of population),SN.ITK.DEFC.ZS,,,,,,,,,,,,,,,,,,,,,,,,,,,,,,,,,,,,,,,,,,24.4,25.3,25.7,26,25.5,24.4,23.8,23.7,22.2,24.2,25.2,28.1,28.5,32.4,38.1,41.3,42,40.2,38.4,36.7,36.9,39.5,
South Africa,ZAF,Prevalence of undernourishment (% of population),SN.ITK.DEFC.ZS,,,,,,,,,,,,,,,,,,,,,,,,,,,,,,,,,,,,,,,,,,3.7,3.6,3.6,3.4,3.4,3.5,3.6,3.6,4.1,4.6,5.1,5.2,5.5,6.3,6.5,6.3,5.7,5.7,6.2,6.9,7.7,8.1,
Zambia,ZMB,Prevalence of undernourishment (% of population),SN.ITK.DEFC.ZS,,,,,,,,,,,,,,,,,,,,,,,,,,,,,,,,,,,,,,,,,,50.1,50.3,50.2,49.6,49.1,47.9,46.6,45.4,44.1,42.7,41.2,39.6,37.7,36,34,32.3,30.8,30.5,31.2,32.9,34.4,35.4,
Zimbabwe,ZWE,Prevalence of undernourishment (% of population),SN.ITK.DEFC.ZS,,,,,,,,,,,,,,,,,,,,,,,,,,,,,,,,,,,,,,,,,,32.8,31.9,31.5,30.7,29.6,28.8,28,27.2,26.6,26.2,25.6,25.5,27.4,30.4,33,35.5,36.7,38.7,39.4,39.5,38.9,38.1,
