Data Source,World Development Indicators,,,,,,,,,,,,,,,,,,,,,,,,,,,,,,,,,,,,,,,,,,,,,,,,,,,,,,,,,,,,,,,,,,
,,,,,,,,,,,,,,,,,,,,,,,,,,,,,,,,,,,,,,,,,,,,,,,,,,,,,,,,,,,,,,,,,,,
Last Updated Date,3/24/2025,,,,,,,,,,,,,,,,,,,,,,,,,,,,,,,,,,,,,,,,,,,,,,,,,,,,,,,,,,,,,,,,,,
,,,,,,,,,,,,,,,,,,,,,,,,,,,,,,,,,,,,,,,,,,,,,,,,,,,,,,,,,,,,,,,,,,,
Country Name,Country Code,Indicator Name,Indicator Code,1960,1961,1962,1963,1964,1965,1966,1967,1968,1969,1970,1971,1972,1973,1974,1975,1976,1977,1978,1979,1980,1981,1982,1983,1984,1985,1986,1987,1988,1989,1990,1991,1992,1993,1994,1995,1996,1997,1998,1999,2000,2001,2002,2003,2004,2005,2006,2007,2008,2009,2010,2011,2012,2013,2014,2015,2016,2017,2018,2019,2020,2021,2022,2023
Aruba,ABW,Prevalence of undernourishment (% of population),SN.ITK.DEFC.ZS,,,,,,,,,,,,,,,,,,,,,,,,,,,,,,,,,,,,,,,,,,,,,,,,,,,,,,,,,,,,,,,,
Africa Eastern and Southern,AFE,Prevalence of undernourishment (% of population),SN.ITK.DEFC.ZS,,,,,,,,,,,,,,,,,,,,,,,,,,,,,,,,,,,,,,,,,,33.16%,32.57%,32.08%,31.22%,29.89%,28.57%,27.48%,26.58%,24.97%,23.52%,22.4%,22.11%,21.28%,21.7%,22.61%,23.33%,23.82%,24.06%,24.88%,25.71%,26.45%,26.8%,
Afghanistan,AFG,Prevalence of undernourishment (% of population),SN.ITK.DEFC.ZS,,,,,,,,,,,,,,,,,,,,,,,,,,,,,,,,,,,,,,,,,,46.%,43.7%,38.6%,35.9%,34.2%,31.6%,28.3%,25.1%,21.6%,19.4%,18.3%,19.5%,19.4%,19.3%,20.%,20.5%,21.4%,22.6%,25.1%,27.7%,29.4%,30.4%,
Africa Western and Central,AFW,Prevalence of undernourishment (% of population),SN.ITK.DEFC.ZS,,,,,,,,,,,,,,,,,,,,,,,,,,,,,,,,,,,,,,,,,,16.37%,15.93%,15.36%,14.52%,13.65%,12.99%,12.36%,11.97%,11.84%,12.06%,12.2%,12.31%,12.18%,12.13%,12.%,12.01%,12.21%,12.38%,13.07%,13.67%,14.71%,15.44%,
Angola,AGO,Prevalence of undernourishment (% of population),SN.ITK.DEFC.ZS,,,,,,,,,,,,,,,,,,,,,,,,,,,,,,,,,,,,,,,,,,67.4%,63.1%,58.7%,55.1%,52.2%,49.4%,46.4%,43.3%,32.6%,22.8%,14.7%,13.8%,13.2%,13.%,14.%,14.9%,15.2%,15.7%,18.%,20.5%,22.1%,23.2%,
Albania,ALB,Prevalence of undernourishment (% of population),SN.ITK.DEFC.ZS,,,,,,,,,,,,,,,,,,,,,,,,,,,,,,,,,,,,,,,,,,4.9%,6.%,7.4%,8.6%,8.9%,8.9%,8.4%,7.4%,6.2%,5.4%,4.8%,4.5%,4.4%,4.5%,4.4%,4.3%,4.3%,4.2%,4.3%,4.4%,4.3%,4.5%,
Andorra,AND,Prevalence of undernourishment (% of population),SN.ITK.DEFC.ZS,,,,,,,,,,,,,,,,,,,,,,,,,,,,,,,,,,,,,,,,,,,,,,,,,,,,,,,,,,,,,,,,
Arab World,ARB,Prevalence of undernourishment (% of population),SN.ITK.DEFC.ZS,,,,,,,,,,,,,,,,,,,,,,,,,,,,,,,,,,,,,,,,,,11.05%,10.98%,11.01%,11.04%,10.87%,10.63%,10.41%,10.3%,10.15%,10.27%,10.29%,10.45%,10.3%,10.61%,11.22%,11.78%,12.21%,12.27%,12.42%,12.67%,13.22%,13.85%,
United Arab Emirates,ARE,Prevalence of undernourishment (% of population),SN.ITK.DEFC.ZS,,,,,,,,,,,,,,,,,,,,,,,,,,,,,,,,,,,,,,,,,,3.3%,4.1%,5.3%,6.8%,7.8%,8.1%,8.1%,7.5%,7.8%,7.1%,6.5%,5.1%,4.6%,4.5%,4.6%,4.4%,4.2%,3.6%,3.3%,3.1%,3.4%,2.7%,
Argentina,ARG,Prevalence of undernourishment (% of population),SN.ITK.DEFC.ZS,,,,,,,,,,,,,,,,,,,,,,,,,,,,,,,,,,,,,,,,,,2.9%,3.7%,4.3%,3.9%,3.6%,3.3%,3.2%,3.2%,3.4%,3.6%,3.6%,3.4%,3.1%,2.8%,2.8%,3.%,3.4%,3.5%,3.5%,3.4%,3.3%,3.2%,
Armenia,ARM,Prevalence of undernourishment (% of population),SN.ITK.DEFC.ZS,,,,,,,,,,,,,,,,,,,,,,,,,,,,,,,,,,,,,,,,,,25.9%,24.3%,21.%,16.%,12.4%,9.5%,7.2%,5.9%,3.9%,2.7%,2.5%,2.5%,2.5%,2.5%,2.5%,2.5%,2.5%,2.5%,2.5%,2.5%,2.5%,2.5%,
American Samoa,ASM,Prevalence of undernourishment (% of population),SN.ITK.DEFC.ZS,,,,,,,,,,,,,,,,,,,,,,,,,,,,,,,,,,,,,,,,,,,,,,,,,,,,,,,,,,,,,,,,
Antigua and Barbuda,ATG,Prevalence of undernourishment (% of population),SN.ITK.DEFC.ZS,,,,,,,,,,,,,,,,,,,,,,,,,,,,,,,,,,,,,,,,,,,,,,,,,,,,,,,,,,,,,,,,
Australia,AUS,Prevalence of undernourishment (% of population),SN.ITK.DEFC.ZS,,,,,,,,,,,,,,,,,,,,,,,,,,,,,,,,,,,,,,,,,,2.5%,2.5%,2.5%,2.5%,2.5%,2.5%,2.5%,2.5%,2.5%,2.5%,2.5%,2.5%,2.5%,2.5%,2.5%,2.5%,2.5%,2.5%,2.5%,2.5%,2.5%,2.5%,
Austria,AUT,Prevalence of undernourishment (% of population),SN.ITK.DEFC.ZS,,,,,,,,,,,,,,,,,,,,,,,,,,,,,,,,,,,,,,,,,,2.5%,2.5%,2.5%,2.5%,2.5%,2.5%,2.5%,2.5%,2.5%,2.5%,2.5%,2.5%,2.5%,2.5%,2.5%,2.5%,2.5%,2.5%,2.5%,2.5%,2.5%,2.5%,
Azerbaijan,AZE,Prevalence of undernourishment (% of population),SN.ITK.DEFC.ZS,,,,,,,,,,,,,,,,,,,,,,,,,,,,,,,,,,,,,,,,,,16.9%,13.4%,10.4%,7.4%,4.7%,2.8%,2.5%,2.5%,2.5%,2.5%,2.5%,2.5%,2.5%,2.5%,2.5%,2.5%,2.5%,2.5%,2.5%,2.5%,2.5%,2.5%,
Burundi,BDI,Prevalence of undernourishment (% of population),SN.ITK.DEFC.ZS,,,,,,,,,,,,,,,,,,,,,,,,,,,,,,,,,,,,,,,,,,,,,,,,,,,,,,,,,,,,,,,,
Belgium,BEL,Prevalence of undernourishment (% of population),SN.ITK.DEFC.ZS,,,,,,,,,,,,,,,,,,,,,,,,,,,,,,,,,,,,,,,,,,2.5%,2.5%,2.5%,2.5%,2.5%,2.5%,2.5%,2.5%,2.5%,2.5%,2.5%,2.5%,2.5%,2.5%,2.5%,2.5%,2.5%,2.5%,2.5%,2.5%,2.5%,2.5%,
Benin,BEN,Prevalence of undernourishment (% of population),SN.ITK.DEFC.ZS,,,,,,,,,,,,,,,,,,,,,,,,,,,,,,,,,,,,,,,,,,17.2%,15.5%,13.7%,12.8%,11.4%,11.1%,10.8%,10.4%,10.2%,9.8%,9.6%,9.5%,9.3%,9.3%,9.2%,9.7%,10.6%,11.4%,11.5%,10.8%,10.4%,10.3%,
Burkina Faso,BFA,Prevalence of undernourishment (% of population),SN.ITK.DEFC.ZS,,,,,,,,,,,,,,,,,,,,,,,,,,,,,,,,,,,,,,,,,,22.7%,20.7%,18.8%,17.7%,17.3%,16.8%,16.2%,15.7%,15.2%,15.1%,14.5%,14.%,13.5%,13.4%,13.5%,13.9%,14.%,14.5%,14.4%,15.1%,15.1%,15.4%,
Bangladesh,BGD,Prevalence of undernourishment (% of population),SN.ITK.DEFC.ZS,,,,,,,,,,,,,,,,,,,,,,,,,,,,,,,,,,,,,,,,,,15.5%,14.7%,14.4%,13.8%,13.7%,13.2%,13.3%,12.9%,14.5%,15.2%,16.1%,15.9%,15.6%,14.9%,14.9%,14.4%,13.7%,12.8%,11.9%,12.1%,11.8%,11.9%,
Bulgaria,BGR,Prevalence of undernourishment (% of population),SN.ITK.DEFC.ZS,,,,,,,,,,,,,,,,,,,,,,,,,,,,,,,,,,,,,,,,,,4.2%,4.4%,4.7%,5.1%,5.%,5.2%,4.8%,4.6%,4.6%,4.8%,5.1%,4.6%,4.1%,4.1%,4.%,4.1%,3.4%,3.%,3.%,2.9%,2.5%,2.5%,
Bahrain,BHR,Prevalence of undernourishment (% of population),SN.ITK.DEFC.ZS,,,,,,,,,,,,,,,,,,,,,,,,,,,,,,,,,,,,,,,,,,,,,,,,,,,,,,,,,,,,,,,,
"Bahamas, The",BHS,Prevalence of undernourishment (% of population),SN.ITK.DEFC.ZS,,,,,,,,,,,,,,,,,,,,,,,,,,,,,,,,,,,,,,,,,,,,,,,,,,,,,,,,,,,,,,,,
Bosnia and Herzegovina,BIH,Prevalence of undernourishment (% of population),SN.ITK.DEFC.ZS,,,,,,,,,,,,,,,,,,,,,,,,,,,,,,,,,,,,,,,,,,3.5%,3.3%,2.8%,2.5%,2.5%,2.5%,2.5%,2.5%,2.5%,2.5%,2.5%,2.5%,2.5%,2.5%,2.5%,2.5%,2.5%,2.5%,2.5%,2.5%,2.5%,2.5%,
Belarus,BLR,Prevalence of undernourishment (% of population),SN.ITK.DEFC.ZS,,,,,,,,,,,,,,,,,,,,,,,,,,,,,,,,,,,,,,,,,,2.5%,2.8%,3.3%,3.4%,2.5%,2.5%,2.5%,2.5%,2.5%,2.5%,2.5%,2.5%,2.5%,2.5%,2.5%,2.5%,2.5%,2.5%,2.5%,2.5%,2.5%,2.5%,
Belize,BLZ,Prevalence of undernourishment (% of population),SN.ITK.DEFC.ZS,,,,,,,,,,,,,,,,,,,,,,,,,,,,,,,,,,,,,,,,,,5.8%,5.3%,5.2%,5.1%,5.2%,5.2%,5.9%,6.3%,5.9%,5.4%,4.9%,5.3%,5.8%,6.1%,6.3%,6.%,5.6%,4.9%,4.5%,4.4%,4.3%,4.6%,
Bermuda,BMU,Prevalence of undernourishment (% of population),SN.ITK.DEFC.ZS,,,,,,,,,,,,,,,,,,,,,,,,,,,,,,,,,,,,,,,,,,,,,,,,,,,,,,,,,,,,,,,,
Bolivia,BOL,Prevalence of undernourishment (% of population),SN.ITK.DEFC.ZS,,,,,,,,,,,,,,,,,,,,,,,,,,,,,,,,,,,,,,,,,,26.4%,25.6%,26.5%,27.1%,27.5%,25.9%,24.4%,22.9%,21.4%,20.1%,19.2%,18.6%,18.6%,17.8%,16.8%,15.6%,14.9%,14.5%,14.5%,16.9%,20.3%,23.%,
Brazil,BRA,Prevalence of undernourishment (% of population),SN.ITK.DEFC.ZS,,,,,,,,,,,,,,,,,,,,,,,,,,,,,,,,,,,,,,,,,,10.4%,9.%,7.6%,6.6%,6.2%,5.9%,5.4%,4.9%,4.1%,3.5%,3.%,2.8%,2.6%,2.5%,2.5%,2.5%,2.5%,2.5%,2.5%,3.4%,4.2%,3.9%,
Barbados,BRB,Prevalence of undernourishment (% of population),SN.ITK.DEFC.ZS,,,,,,,,,,,,,,,,,,,,,,,,,,,,,,,,,,,,,,,,,,5.9%,5.7%,6.1%,5.7%,5.7%,4.9%,4.9%,4.6%,3.8%,3.%,2.5%,2.5%,2.5%,2.5%,2.5%,2.5%,2.5%,2.5%,2.9%,3.5%,3.9%,3.5%,
Brunei Darussalam,BRN,Prevalence of undernourishment (% of population),SN.ITK.DEFC.ZS,,,,,,,,,,,,,,,,,,,,,,,,,,,,,,,,,,,,,,,,,,,,,,,,,,,,,,,,,,,,,,,,
Bhutan,BTN,Prevalence of undernourishment (% of population),SN.ITK.DEFC.ZS,,,,,,,,,,,,,,,,,,,,,,,,,,,,,,,,,,,,,,,,,,,,,,,,,,,,,,,,,,,,,,,,
Botswana,BWA,Prevalence of undernourishment (% of population),SN.ITK.DEFC.ZS,,,,,,,,,,,,,,,,,,,,,,,,,,,,,,,,,,,,,,,,,,23.7%,24.1%,24.7%,23.9%,22.9%,22.7%,22.5%,22.3%,22.3%,22.%,21.8%,21.2%,20.8%,20.%,20.3%,20.9%,22.%,22.%,22.7%,22.9%,24.2%,24.3%,
Central African Republic,CAF,Prevalence of undernourishment (% of population),SN.ITK.DEFC.ZS,,,,,,,,,,,,,,,,,,,,,,,,,,,,,,,,,,,,,,,,,,38.2%,39.2%,39.7%,39.6%,38.7%,36.8%,34.7%,32.3%,27.9%,24.7%,21.8%,23.7%,25.%,25.7%,24.%,22.6%,21.7%,21.4%,21.4%,21.8%,22.7%,23.5%,
Canada,CAN,Prevalence of undernourishment (% of population),SN.ITK.DEFC.ZS,,,,,,,,,,,,,,,,,,,,,,,,,,,,,,,,,,,,,,,,,,2.5%,2.5%,2.5%,2.5%,2.5%,2.5%,2.5%,2.5%,2.5%,2.5%,2.5%,2.5%,2.5%,2.5%,2.5%,2.5%,2.5%,2.5%,2.5%,2.5%,2.5%,2.5%,
Central Europe and the Baltics,CEB,Prevalence of undernourishment (% of population),SN.ITK.DEFC.ZS,,,,,,,,,,,,,,,,,,,,,,,,,,,,,,,,,,,,,,,,,,3.05%,2.95%,2.91%,2.89%,2.84%,2.86%,2.82%,2.78%,2.77%,2.8%,2.88%,2.82%,2.77%,2.78%,2.77%,2.76%,2.65%,2.58%,2.55%,2.54%,2.53%,2.56%,
Switzerland,CHE,Prevalence of undernourishment (% of population),SN.ITK.DEFC.ZS,,,,,,,,,,,,,,,,,,,,,,,,,,,,,,,,,,,,,,,,,,2.5%,2.5%,2.5%,2.5%,2.5%,2.5%,2.5%,2.5%,2.5%,2.5%,2.5%,2.5%,2.5%,2.5%,2.5%,2.5%,2.5%,2.5%,2.5%,2.5%,2.5%,2.5%,
Channel Islands,CHI,Prevalence of undernourishment (% of population),SN.ITK.DEFC.ZS,,,,,,,,,,,,,,,,,,,,,,,,,,,,,,,,,,,,,,,,,,,,,,,,,,,,,,,,,,,,,,,,
Chile,CHL,Prevalence of undernourishment (% of population),SN.ITK.DEFC.ZS,,,,,,,,,,,,,,,,,,,,,,,,,,,,,,,,,,,,,,,,,,3.2%,3.1%,3.%,3.1%,3.%,3.%,3.%,3.3%,3.6%,3.7%,3.8%,3.5%,3.4%,3.3%,3.3%,3.2%,3.1%,3.%,2.7%,2.5%,2.5%,2.5%,
China,CHN,Prevalence of undernourishment (% of population),SN.ITK.DEFC.ZS,,,,,,,,,,,,,,,,,,,,,,,,,,,,,,,,,,,,,,,,,,10.3%,9.7%,8.9%,8.1%,7.2%,6.2%,5.1%,4.%,2.9%,2.5%,2.5%,2.5%,2.5%,2.5%,2.5%,2.5%,2.5%,2.5%,2.5%,2.5%,2.5%,2.5%,
Cote d'Ivoire,CIV,Prevalence of undernourishment (% of population),SN.ITK.DEFC.ZS,,,,,,,,,,,,,,,,,,,,,,,,,,,,,,,,,,,,,,,,,,20.2%,20.9%,20.7%,20.%,19.3%,18.9%,18.5%,18.1%,17.6%,16.6%,15.6%,14.6%,14.6%,13.9%,13.2%,11.9%,11.%,10.2%,9.5%,8.8%,9.1%,9.6%,
Cameroon,CMR,Prevalence of undernourishment (% of population),SN.ITK.DEFC.ZS,,,,,,,,,,,,,,,,,,,,,,,,,,,,,,,,,,,,,,,,,,22.6%,20.4%,19.1%,17.4%,15.7%,14.%,12.4%,11.1%,8.3%,6.2%,4.3%,4.1%,4.2%,4.4%,4.8%,5.3%,5.9%,6.2%,6.1%,5.9%,5.8%,5.7%,
"Congo, Dem. Rep.",COD,Prevalence of undernourishment (% of population),SN.ITK.DEFC.ZS,,,,,,,,,,,,,,,,,,,,,,,,,,,,,,,,,,,,,,,,,,30.4%,30.9%,30.9%,31.8%,31.7%,31.7%,30.9%,30.9%,30.4%,29.6%,29.5%,30.3%,30.6%,30.9%,31.5%,32.1%,32.4%,32.3%,33.8%,35.%,35.7%,37.%,
"Congo, Rep.",COG,Prevalence of undernourishment (% of population),SN.ITK.DEFC.ZS,,,,,,,,,,,,,,,,,,,,,,,,,,,,,,,,,,,,,,,,,,26.9%,26.4%,26.5%,27.8%,29.1%,31.1%,33.2%,35.6%,38.1%,40.5%,40.3%,37.2%,32.5%,29.5%,29.3%,29.5%,30.2%,29.8%,29.1%,27.8%,27.1%,26.8%,
Colombia,COL,Prevalence of undernourishment (% of population),SN.ITK.DEFC.ZS,,,,,,,,,,,,,,,,,,,,,,,,,,,,,,,,,,,,,,,,,,8.6%,8.9%,9.6%,10.4%,11.1%,11.3%,10.9%,11.1%,11.2%,11.3%,10.1%,8.7%,7.2%,5.9%,5.1%,4.6%,4.3%,4.3%,4.3%,4.4%,4.2%,4.2%,
Comoros,COM,Prevalence of undernourishment (% of population),SN.ITK.DEFC.ZS,,,,,,,,,,,,,,,,,,,,,,,,,,,,,,,,,,,,,,,,,,24.9%,20.9%,18.%,16.6%,16.6%,17.4%,18.6%,19.9%,18.7%,17.3%,15.7%,15.4%,14.8%,14.4%,13.9%,13.5%,13.1%,13.1%,13.4%,13.9%,15.7%,16.9%,
Cabo Verde,CPV,Prevalence of undernourishment (% of population),SN.ITK.DEFC.ZS,,,,,,,,,,,,,,,,,,,,,,,,,,,,,,,,,,,,,,,,,,14.9%,14.9%,13.5%,11.6%,11.1%,11.5%,12.4%,13.3%,14.%,14.1%,13.9%,14.4%,15.2%,16.3%,16.8%,16.7%,15.9%,15.2%,14.%,13.2%,12.6%,12.6%,
Costa Rica,CRI,Prevalence of undernourishment (% of population),SN.ITK.DEFC.ZS,,,,,,,,,,,,,,,,,,,,,,,,,,,,,,,,,,,,,,,,,,4.3%,4.4%,4.4%,4.%,3.4%,2.9%,2.7%,2.7%,2.8%,3.%,3.2%,3.1%,2.9%,2.7%,2.5%,2.5%,2.5%,2.5%,2.5%,2.5%,2.5%,2.5%,
Caribbean small states,CSS,Prevalence of undernourishment (% of population),SN.ITK.DEFC.ZS,,,,,,,,,,,,,,,,,,,,,,,,,,,,,,,,,,,,,,,,,,7.57%,7.33%,7.2%,7.02%,6.91%,6.53%,6.77%,6.64%,6.84%,6.92%,6.95%,6.74%,6.36%,6.07%,5.86%,5.72%,5.58%,5.33%,5.22%,5.32%,5.45%,5.47%,
Cuba,CUB,Prevalence of undernourishment (% of population),SN.ITK.DEFC.ZS,,,,,,,,,,,,,,,,,,,,,,,,,,,,,,,,,,,,,,,,,,2.5%,2.5%,2.5%,2.5%,2.5%,2.5%,2.5%,2.5%,2.5%,2.5%,2.5%,2.5%,2.5%,2.5%,2.5%,2.5%,2.5%,2.5%,2.5%,2.5%,2.5%,2.5%,
Curacao,CUW,Prevalence of undernourishment (% of population),SN.ITK.DEFC.ZS,,,,,,,,,,,,,,,,,,,,,,,,,,,,,,,,,,,,,,,,,,,,,,,,,,,,,,,,,,,,,,,,
Cayman Islands,CYM,Prevalence of undernourishment (% of population),SN.ITK.DEFC.ZS,,,,,,,,,,,,,,,,,,,,,,,,,,,,,,,,,,,,,,,,,,,,,,,,,,,,,,,,,,,,,,,,
Cyprus,CYP,Prevalence of undernourishment (% of population),SN.ITK.DEFC.ZS,,,,,,,,,,,,,,,,,,,,,,,,,,,,,,,,,,,,,,,,,,5.8%,6.3%,6.8%,7.6%,8.4%,8.4%,7.8%,7.4%,5.5%,3.6%,2.5%,2.5%,2.5%,2.5%,2.5%,2.5%,2.5%,2.5%,2.5%,2.5%,2.5%,2.5%,
Czechia,CZE,Prevalence of undernourishment (% of population),SN.ITK.DEFC.ZS,,,,,,,,,,,,,,,,,,,,,,,,,,,,,,,,,,,,,,,,,,2.5%,2.5%,2.5%,2.5%,2.5%,2.5%,2.5%,2.5%,2.5%,2.5%,2.5%,2.5%,2.5%,2.5%,2.5%,2.5%,2.5%,2.5%,2.5%,2.5%,2.5%,2.5%,
Germany,DEU,Prevalence of undernourishment (% of population),SN.ITK.DEFC.ZS,,,,,,,,,,,,,,,,,,,,,,,,,,,,,,,,,,,,,,,,,,2.5%,2.5%,2.5%,2.5%,2.5%,2.5%,2.5%,2.5%,2.5%,2.5%,2.5%,2.5%,2.5%,2.5%,2.5%,2.5%,2.5%,2.5%,2.5%,2.5%,2.5%,2.5%,
Djibouti,DJI,Prevalence of undernourishment (% of population),SN.ITK.DEFC.ZS,,,,,,,,,,,,,,,,,,,,,,,,,,,,,,,,,,,,,,,,,,41.9%,40.5%,37.8%,34.%,30.1%,25.7%,23.2%,21.2%,20.8%,19.9%,19.%,17.5%,16.%,14.3%,13.2%,12.8%,12.7%,12.2%,11.9%,11.9%,12.3%,12.9%,
Dominica,DMA,Prevalence of undernourishment (% of population),SN.ITK.DEFC.ZS,,,,,,,,,,,,,,,,,,,,,,,,,,,,,,,,,,,,,,,,,,2.5%,2.5%,2.5%,2.5%,2.7%,2.5%,2.5%,2.5%,2.8%,3.8%,4.8%,5.6%,6.1%,6.4%,7.%,8.%,9.4%,10.1%,11.9%,13.4%,14.%,13.4%,
Denmark,DNK,Prevalence of undernourishment (% of population),SN.ITK.DEFC.ZS,,,,,,,,,,,,,,,,,,,,,,,,,,,,,,,,,,,,,,,,,,2.5%,2.5%,2.5%,2.5%,2.5%,2.5%,2.5%,2.5%,2.5%,2.5%,2.5%,2.5%,2.5%,2.5%,2.5%,2.5%,2.5%,2.5%,2.5%,2.5%,2.5%,2.5%,
Dominican Republic,DOM,Prevalence of undernourishment (% of population),SN.ITK.DEFC.ZS,,,,,,,,,,,,,,,,,,,,,,,,,,,,,,,,,,,,,,,,,,20.5%,22.7%,23.7%,23.2%,19.3%,16.5%,16.4%,16.2%,15.5%,13.5%,11.7%,10.4%,9.2%,8.4%,7.4%,6.7%,6.%,5.8%,6.3%,6.2%,5.8%,4.6%,
Algeria,DZA,Prevalence of undernourishment (% of population),SN.ITK.DEFC.ZS,,,,,,,,,,,,,,,,,,,,,,,,,,,,,,,,,,,,,,,,,,7.5%,6.8%,6.5%,6.5%,6.2%,6.%,5.5%,5.2%,4.8%,4.1%,3.6%,3.1%,2.9%,2.7%,2.6%,2.6%,2.5%,2.5%,2.5%,2.5%,2.5%,2.5%,
East Asia & Pacific (excluding high income),EAP,Prevalence of undernourishment (% of population),SN.ITK.DEFC.ZS,,,,,,,,,,,,,,,,,,,,,,,,,,,,,,,,,,,,,,,,,,13.44%,12.82%,11.98%,11.28%,10.5%,9.62%,8.6%,7.56%,6.52%,5.92%,5.57%,5.3%,5.03%,4.89%,4.67%,4.49%,4.3%,4.18%,3.63%,3.65%,3.72%,3.78%,
Early-demographic dividend,EAR,Prevalence of undernourishment (% of population),SN.ITK.DEFC.ZS,,,,,,,,,,,,,,,,,,,,,,,,,,,,,,,,,,,,,,,,,,17.27%,17.83%,18.32%,18.15%,17.5%,16.06%,14.61%,13.69%,13.3%,12.83%,12.37%,11.81%,11.25%,10.96%,10.7%,10.34%,9.89%,9.81%,10.6%,11.55%,12.28%,12.35%,
East Asia & Pacific,EAS,Prevalence of undernourishment (% of population),SN.ITK.DEFC.ZS,,,,,,,,,,,,,,,,,,,,,,,,,,,,,,,,,,,,,,,,,,12.25%,11.71%,10.97%,10.35%,9.65%,8.87%,7.97%,7.05%,6.15%,5.62%,5.29%,5.03%,4.79%,4.66%,4.47%,4.31%,4.14%,4.03%,3.55%,3.56%,3.64%,3.71%,
Europe & Central Asia (excluding high income),ECA,Prevalence of undernourishment (% of population),SN.ITK.DEFC.ZS,,,,,,,,,,,,,,,,,,,,,,,,,,,,,,,,,,,,,,,,,,8.%,8.04%,7.94%,7.43%,6.69%,5.76%,5.09%,4.57%,4.18%,3.85%,3.61%,3.47%,3.4%,3.31%,3.22%,3.13%,3.08%,3.05%,3.16%,3.27%,3.46%,3.49%,
Europe & Central Asia,ECS,Prevalence of undernourishment (% of population),SN.ITK.DEFC.ZS,,,,,,,,,,,,,,,,,,,,,,,,,,,,,,,,,,,,,,,,,,4.23%,4.11%,4.%,3.8%,3.61%,3.38%,3.2%,3.07%,2.97%,2.88%,2.83%,2.79%,2.77%,2.74%,2.72%,2.7%,2.67%,2.66%,2.68%,2.71%,2.76%,2.77%,
Ecuador,ECU,Prevalence of undernourishment (% of population),SN.ITK.DEFC.ZS,,,,,,,,,,,,,,,,,,,,,,,,,,,,,,,,,,,,,,,,,,20.1%,21.9%,21.9%,21.8%,21.5%,21.9%,21.2%,20.3%,15.2%,11.5%,7.7%,8.1%,8.2%,8.2%,8.5%,9.1%,10.1%,11.1%,12.6%,13.6%,14.%,13.9%,
"Egypt, Arab Rep.",EGY,Prevalence of undernourishment (% of population),SN.ITK.DEFC.ZS,,,,,,,,,,,,,,,,,,,,,,,,,,,,,,,,,,,,,,,,,,4.8%,5.%,5.5%,5.8%,5.9%,5.5%,5.2%,5.1%,5.%,5.2%,5.3%,5.5%,5.8%,6.%,6.3%,6.5%,6.9%,6.8%,6.7%,6.9%,7.6%,8.5%,
Euro area,EMU,Prevalence of undernourishment (% of population),SN.ITK.DEFC.ZS,,,,,,,,,,,,,,,,,,,,,,,,,,,,,,,,,,,,,,,,,,2.65%,2.61%,2.59%,2.58%,2.57%,2.57%,2.56%,2.56%,2.55%,2.55%,2.56%,2.55%,2.55%,2.55%,2.55%,2.54%,2.53%,2.51%,2.5%,2.5%,2.51%,2.52%,
Eritrea,ERI,Prevalence of undernourishment (% of population),SN.ITK.DEFC.ZS,,,,,,,,,,,,,,,,,,,,,,,,,,,,,,,,,,,,,,,,,,,,,,,,,,,,,,,,,,,,,,,,
Spain,ESP,Prevalence of undernourishment (% of population),SN.ITK.DEFC.ZS,,,,,,,,,,,,,,,,,,,,,,,,,,,,,,,,,,,,,,,,,,2.5%,2.5%,2.5%,2.5%,2.5%,2.5%,2.5%,2.5%,2.5%,2.5%,2.5%,2.5%,2.5%,2.5%,2.5%,2.5%,2.5%,2.5%,2.5%,2.5%,2.5%,2.5%,
Estonia,EST,Prevalence of undernourishment (% of population),SN.ITK.DEFC.ZS,,,,,,,,,,,,,,,,,,,,,,,,,,,,,,,,,,,,,,,,,,3.6%,3.5%,3.4%,2.9%,2.5%,2.5%,2.5%,2.5%,2.5%,2.5%,2.5%,2.5%,2.5%,2.5%,2.5%,2.5%,2.5%,2.5%,2.5%,2.5%,2.5%,2.5%,
Ethiopia,ETH,Prevalence of undernourishment (% of population),SN.ITK.DEFC.ZS,,,,,,,,,,,,,,,,,,,,,,,,,,,,,,,,,,,,,,,,,,46.6%,43.7%,42.2%,39.7%,37.%,33.3%,29.9%,26.8%,23.9%,21.9%,20.3%,18.8%,17.2%,15.5%,14.4%,14.%,15.4%,17.9%,20.9%,23.%,23.5%,22.2%,
European Union,EUU,Prevalence of undernourishment (% of population),SN.ITK.DEFC.ZS,,,,,,,,,,,,,,,,,,,,,,,,,,,,,,,,,,,,,,,,,,2.65%,2.62%,2.61%,2.61%,2.6%,2.6%,2.59%,2.58%,2.57%,2.57%,2.59%,2.58%,2.56%,2.57%,2.56%,2.56%,2.53%,2.52%,2.51%,2.51%,2.51%,2.51%,
Fragile and conflict affected situations,FCS,Prevalence of undernourishment (% of population),SN.ITK.DEFC.ZS,,,,,,,,,,,,,,,,,,,,,,,,,,,,,,,,,,,,,,,,,,24.43%,23.71%,23.%,22.08%,21.06%,19.95%,18.66%,17.68%,16.7%,16.24%,15.97%,16.14%,15.78%,16.01%,16.73%,17.37%,18.07%,18.46%,19.48%,20.35%,21.17%,21.74%,
Finland,FIN,Prevalence of undernourishment (% of population),SN.ITK.DEFC.ZS,,,,,,,,,,,,,,,,,,,,,,,,,,,,,,,,,,,,,,,,,,2.5%,2.5%,2.5%,2.5%,2.5%,2.5%,2.5%,2.5%,2.5%,2.5%,2.5%,2.5%,2.5%,2.5%,2.5%,2.5%,2.5%,2.5%,2.5%,2.5%,2.5%,2.5%,
Fiji,FJI,Prevalence of undernourishment (% of population),SN.ITK.DEFC.ZS,,,,,,,,,,,,,,,,,,,,,,,,,,,,,,,,,,,,,,,,,,4.%,3.8%,3.7%,3.7%,3.5%,3.5%,3.6%,3.7%,5.%,6.1%,7.3%,7.2%,7.1%,6.9%,7.1%,7.5%,7.2%,6.3%,5.5%,6.2%,6.9%,7.8%,
France,FRA,Prevalence of undernourishment (% of population),SN.ITK.DEFC.ZS,,,,,,,,,,,,,,,,,,,,,,,,,,,,,,,,,,,,,,,,,,2.5%,2.5%,2.5%,2.5%,2.5%,2.5%,2.5%,2.5%,2.5%,2.5%,2.5%,2.5%,2.5%,2.5%,2.5%,2.5%,2.5%,2.5%,2.5%,2.5%,2.5%,2.5%,
Faroe Islands,FRO,Prevalence of undernourishment (% of population),SN.ITK.DEFC.ZS,,,,,,,,,,,,,,,,,,,,,,,,,,,,,,,,,,,,,,,,,,,,,,,,,,,,,,,,,,,,,,,,
"Micronesia, Fed. Sts.",FSM,Prevalence of undernourishment (% of population),SN.ITK.DEFC.ZS,,,,,,,,,,,,,,,,,,,,,,,,,,,,,,,,,,,,,,,,,,,,,,,,,,,,,,,,,,,,,,,,
Gabon,GAB,Prevalence of undernourishment (% of population),SN.ITK.DEFC.ZS,,,,,,,,,,,,,,,,,,,,,,,,,,,,,,,,,,,,,,,,,,10.8%,12.1%,13.3%,14.1%,14.6%,14.8%,14.8%,14.7%,14.6%,14.1%,13.5%,13.1%,13.1%,13.3%,14.1%,15.3%,16.5%,17.6%,18.8%,19.7%,20.1%,20.1%,
United Kingdom,GBR,Prevalence of undernourishment (% of population),SN.ITK.DEFC.ZS,,,,,,,,,,,,,,,,,,,,,,,,,,,,,,,,,,,,,,,,,,2.5%,2.5%,2.5%,2.5%,2.5%,2.5%,2.5%,2.5%,2.5%,2.5%,2.5%,2.5%,2.5%,2.5%,2.5%,2.5%,2.5%,2.5%,2.5%,2.5%,2.5%,2.5%,
Georgia,GEO,Prevalence of undernourishment (% of population),SN.ITK.DEFC.ZS,,,,,,,,,,,,,,,,,,,,,,,,,,,,,,,,,,,,,,,,,,7.3%,5.7%,4.6%,3.9%,4.%,4.%,4.%,3.6%,5.1%,6.8%,8.3%,7.9%,7.5%,6.7%,6.6%,6.7%,6.6%,5.5%,5.4%,5.2%,5.2%,4.%,
Ghana,GHA,Prevalence of undernourishment (% of population),SN.ITK.DEFC.ZS,,,,,,,,,,,,,,,,,,,,,,,,,,,,,,,,,,,,,,,,,,14.9%,13.5%,12.6%,12.1%,11.1%,10.4%,9.2%,8.1%,6.9%,7.%,7.4%,7.9%,8.2%,8.9%,9.7%,9.8%,9.%,7.8%,6.9%,6.%,5.9%,6.2%,
Gibraltar,GIB,Prevalence of undernourishment (% of population),SN.ITK.DEFC.ZS,,,,,,,,,,,,,,,,,,,,,,,,,,,,,,,,,,,,,,,,,,,,,,,,,,,,,,,,,,,,,,,,
Guinea,GIN,Prevalence of undernourishment (% of population),SN.ITK.DEFC.ZS,,,,,,,,,,,,,,,,,,,,,,,,,,,,,,,,,,,,,,,,,,17.9%,17.7%,16.8%,16.3%,16.3%,16.8%,17.2%,17.7%,18.1%,17.4%,16.2%,14.5%,13.3%,12.8%,12.8%,13.2%,13.2%,12.6%,11.7%,10.4%,9.9%,10.3%,
"Gambia, The",GMB,Prevalence of undernourishment (% of population),SN.ITK.DEFC.ZS,,,,,,,,,,,,,,,,,,,,,,,,,,,,,,,,,,,,,,,,,,17.9%,19.7%,20.4%,19.4%,17.6%,15.2%,13.1%,11.3%,9.7%,8.9%,8.8%,9.5%,10.4%,11.2%,11.9%,12.1%,13.4%,14.2%,15.9%,17.1%,19.3%,20.5%,
Guinea-Bissau,GNB,Prevalence of undernourishment (% of population),SN.ITK.DEFC.ZS,,,,,,,,,,,,,,,,,,,,,,,,,,,,,,,,,,,,,,,,,,15.7%,16.%,16.3%,16.5%,16.4%,16.2%,16.1%,16.1%,18.3%,21.%,23.5%,25.%,26.7%,28.7%,30.%,28.3%,27.9%,28.%,30.7%,31.7%,32.4%,32.2%,
Equatorial Guinea,GNQ,Prevalence of undernourishment (% of population),SN.ITK.DEFC.ZS,,,,,,,,,,,,,,,,,,,,,,,,,,,,,,,,,,,,,,,,,,,,,,,,,,,,,,,,,,,,,,,,
Greece,GRC,Prevalence of undernourishment (% of population),SN.ITK.DEFC.ZS,,,,,,,,,,,,,,,,,,,,,,,,,,,,,,,,,,,,,,,,,,2.5%,2.5%,2.5%,2.5%,2.5%,2.5%,2.5%,2.5%,2.5%,2.5%,2.5%,2.5%,2.5%,2.5%,2.5%,2.5%,2.5%,2.5%,2.5%,2.5%,2.5%,2.5%,
Grenada,GRD,Prevalence of undernourishment (% of population),SN.ITK.DEFC.ZS,,,,,,,,,,,,,,,,,,,,,,,,,,,,,,,,,,,,,,,,,,,,,,,,,,,,,,,,,,,,,,,,
Greenland,GRL,Prevalence of undernourishment (% of population),SN.ITK.DEFC.ZS,,,,,,,,,,,,,,,,,,,,,,,,,,,,,,,,,,,,,,,,,,,,,,,,,,,,,,,,,,,,,,,,
Guatemala,GTM,Prevalence of undernourishment (% of population),SN.ITK.DEFC.ZS,,,,,,,,,,,,,,,,,,,,,,,,,,,,,,,,,,,,,,,,,,22.5%,20.2%,19.3%,19.5%,19.3%,18.2%,18.6%,18.1%,17.4%,15.7%,15.2%,15.6%,16.1%,16.1%,15.6%,14.8%,14.4%,14.1%,14.1%,13.6%,13.2%,12.6%,
Guam,GUM,Prevalence of undernourishment (% of population),SN.ITK.DEFC.ZS,,,,,,,,,,,,,,,,,,,,,,,,,,,,,,,,,,,,,,,,,,,,,,,,,,,,,,,,,,,,,,,,
Guyana,GUY,Prevalence of undernourishment (% of population),SN.ITK.DEFC.ZS,,,,,,,,,,,,,,,,,,,,,,,,,,,,,,,,,,,,,,,,,,6.%,5.9%,6.2%,6.4%,6.6%,6.6%,7.%,7.%,8.1%,8.7%,8.8%,8.%,6.9%,5.7%,4.4%,3.5%,3.1%,3.%,2.8%,2.6%,2.5%,2.5%,
High income,HIC,Prevalence of undernourishment (% of population),SN.ITK.DEFC.ZS,,,,,,,,,,,,,,,,,,,,,,,,,,,,,,,,,,,,,,,,,,2.9%,2.81%,2.75%,2.71%,2.71%,2.7%,2.71%,2.71%,2.78%,2.81%,2.79%,2.73%,2.69%,2.67%,2.67%,2.66%,2.65%,2.62%,2.63%,2.63%,2.65%,2.66%,
"Hong Kong SAR, China",HKG,Prevalence of undernourishment (% of population),SN.ITK.DEFC.ZS,,,,,,,,,,,,,,,,,,,,,,,,,,,,,,,,,,,,,,,,,,2.5%,2.5%,2.5%,2.5%,2.5%,2.5%,2.5%,2.5%,2.5%,2.5%,2.5%,2.5%,2.5%,2.6%,2.5%,2.5%,2.5%,2.5%,2.5%,2.5%,2.5%,2.5%,
Honduras,HND,Prevalence of undernourishment (% of population),SN.ITK.DEFC.ZS,,,,,,,,,,,,,,,,,,,,,,,,,,,,,,,,,,,,,,,,,,21.2%,20.5%,20.9%,21.4%,21.5%,21.%,20.2%,20.%,17.9%,15.9%,13.8%,13.9%,14.6%,15.%,15.%,14.4%,13.9%,13.7%,14.%,15.8%,18.4%,20.4%,
Heavily indebted poor countries (HIPC),HPC,Prevalence of undernourishment (% of population),SN.ITK.DEFC.ZS,,,,,,,,,,,,,,,,,,,,,,,,,,,,,,,,,,,,,,,,,,32.36%,31.52%,30.68%,29.89%,28.73%,27.39%,25.93%,24.78%,23.31%,22.23%,21.36%,21.19%,20.49%,20.67%,21.17%,21.52%,21.81%,22.%,22.54%,23.12%,23.58%,23.87%,
Croatia,HRV,Prevalence of undernourishment (% of population),SN.ITK.DEFC.ZS,,,,,,,,,,,,,,,,,,,,,,,,,,,,,,,,,,,,,,,,,,7.%,4.7%,3.7%,3.1%,2.5%,2.5%,2.5%,2.5%,2.5%,2.5%,2.8%,2.5%,2.5%,2.5%,2.5%,2.5%,2.5%,2.5%,2.5%,2.5%,2.5%,2.5%,
Haiti,HTI,Prevalence of undernourishment (% of population),SN.ITK.DEFC.ZS,,,,,,,,,,,,,,,,,,,,,,,,,,,,,,,,,,,,,,,,,,48.1%,50.2%,50.8%,51.7%,50.8%,49.7%,47.8%,46.1%,43.2%,41.1%,40.2%,40.3%,39.4%,38.2%,38.3%,39.1%,40.6%,41.6%,43.6%,45.1%,48.2%,50.4%,
Hungary,HUN,Prevalence of undernourishment (% of population),SN.ITK.DEFC.ZS,,,,,,,,,,,,,,,,,,,,,,,,,,,,,,,,,,,,,,,,,,2.5%,2.5%,2.5%,2.5%,2.5%,2.5%,2.5%,2.5%,2.5%,2.5%,2.5%,2.5%,2.5%,2.5%,2.5%,2.5%,2.5%,2.5%,2.5%,2.5%,2.5%,2.5%,
IBRD only,IBD,Prevalence of undernourishment (% of population),SN.ITK.DEFC.ZS,,,,,,,,,,,,,,,,,,,,,,,,,,,,,,,,,,,,,,,,,,12.58%,12.71%,12.77%,12.53%,11.97%,10.93%,9.77%,8.95%,8.34%,7.89%,7.55%,7.18%,6.87%,6.74%,6.6%,6.39%,6.08%,5.99%,6.4%,6.9%,7.3%,7.26%,
IDA & IBRD total,IBT,Prevalence of undernourishment (% of population),SN.ITK.DEFC.ZS,,,,,,,,,,,,,,,,,,,,,,,,,,,,,,,,,,,,,,,,,,15.18%,15.21%,15.13%,14.73%,14.06%,13.%,11.92%,11.13%,10.54%,10.1%,9.78%,9.5%,9.24%,9.15%,9.12%,9.04%,8.88%,8.86%,9.39%,10.07%,10.68%,10.89%,
IDA total,IDA,Prevalence of undernourishment (% of population),SN.ITK.DEFC.ZS,,,,,,,,,,,,,,,,,,,,,,,,,,,,,,,,,,,,,,,,,,24.61%,24.15%,23.45%,22.38%,21.24%,20.06%,19.1%,18.33%,17.69%,17.22%,16.87%,16.81%,16.44%,16.41%,16.62%,16.81%,16.98%,17.1%,17.82%,18.83%,19.88%,20.6%,
IDA blend,IDB,Prevalence of undernourishment (% of population),SN.ITK.DEFC.ZS,,,,,,,,,,,,,,,,,,,,,,,,,,,,,,,,,,,,,,,,,,17.98%,18.31%,17.84%,16.36%,14.91%,13.83%,13.39%,13.29%,13.31%,13.27%,13.21%,13.18%,12.78%,12.52%,12.24%,12.28%,12.44%,12.71%,14.21%,16.14%,18.45%,19.79%,
Indonesia,IDN,Prevalence of undernourishment (% of population),SN.ITK.DEFC.ZS,,,,,,,,,,,,,,,,,,,,,,,,,,,,,,,,,,,,,,,,,,18.2%,18.2%,18.%,18.2%,18.4%,18.2%,17.6%,16.5%,15.1%,13.1%,11.3%,9.8%,8.5%,8.%,7.3%,6.7%,6.%,5.9%,6.2%,6.3%,6.8%,7.2%,
IDA only,IDX,Prevalence of undernourishment (% of population),SN.ITK.DEFC.ZS,,,,,,,,,,,,,,,,,,,,,,,,,,,,,,,,,,,,,,,,,,28.14%,27.26%,26.44%,25.6%,24.62%,23.41%,22.17%,21.05%,20.06%,19.37%,18.87%,18.8%,18.36%,18.45%,18.92%,19.18%,19.34%,19.37%,19.69%,20.21%,20.61%,21.%,
Isle of Man,IMN,Prevalence of undernourishment (% of population),SN.ITK.DEFC.ZS,,,,,,,,,,,,,,,,,,,,,,,,,,,,,,,,,,,,,,,,,,,,,,,,,,,,,,,,,,,,,,,,
India,IND,Prevalence of undernourishment (% of population),SN.ITK.DEFC.ZS,,,,,,,,,,,,,,,,,,,,,,,,,,,,,,,,,,,,,,,,,,18.3%,19.9%,21.5%,22.%,21.4%,19.2%,16.8%,15.6%,15.3%,14.8%,14.3%,13.5%,12.9%,12.6%,12.2%,11.5%,10.5%,10.3%,11.6%,13.1%,14.%,13.7%,
Not classified,INX,Prevalence of undernourishment (% of population),SN.ITK.DEFC.ZS,,,,,,,,,,,,,,,,,,,,,,,,,,,,,,,,,,,,,,,,,,,,,,,,,,,,,,,,,,,,,,,,
Ireland,IRL,Prevalence of undernourishment (% of population),SN.ITK.DEFC.ZS,,,,,,,,,,,,,,,,,,,,,,,,,,,,,,,,,,,,,,,,,,2.5%,2.5%,2.5%,2.5%,2.5%,2.5%,2.5%,2.5%,2.5%,2.5%,2.5%,2.5%,2.5%,2.5%,2.5%,2.5%,2.5%,2.5%,2.5%,2.5%,2.5%,2.5%,
"Iran, Islamic Rep.",IRN,Prevalence of undernourishment (% of population),SN.ITK.DEFC.ZS,,,,,,,,,,,,,,,,,,,,,,,,,,,,,,,,,,,,,,,,,,4.9%,5.2%,5.2%,5.1%,5.4%,5.8%,6.1%,5.8%,6.4%,7.5%,8.1%,7.8%,6.8%,6.7%,6.7%,7.2%,7.6%,7.6%,7.3%,6.5%,6.5%,6.5%,
Iraq,IRQ,Prevalence of undernourishment (% of population),SN.ITK.DEFC.ZS,,,,,,,,,,,,,,,,,,,,,,,,,,,,,,,,,,,,,,,,,,20.1%,19.6%,18.5%,17.8%,16.5%,16.5%,16.4%,15.6%,14.7%,13.7%,14.2%,14.8%,15.4%,15.8%,16.3%,16.6%,16.6%,16.4%,16.1%,15.8%,16.%,16.1%,
Iceland,ISL,Prevalence of undernourishment (% of population),SN.ITK.DEFC.ZS,,,,,,,,,,,,,,,,,,,,,,,,,,,,,,,,,,,,,,,,,,2.5%,2.5%,2.5%,2.5%,2.5%,2.5%,2.5%,2.5%,2.5%,2.5%,2.5%,2.5%,2.5%,2.5%,2.5%,2.5%,2.5%,2.5%,2.5%,2.5%,2.5%,2.5%,
Israel,ISR,Prevalence of undernourishment (% of population),SN.ITK.DEFC.ZS,,,,,,,,,,,,,,,,,,,,,,,,,,,,,,,,,,,,,,,,,,2.5%,2.5%,2.5%,2.5%,2.5%,2.5%,2.5%,2.5%,2.5%,2.5%,2.5%,2.5%,2.5%,2.5%,2.5%,2.5%,2.5%,2.5%,2.5%,2.5%,2.5%,2.5%,
Italy,ITA,Prevalence of undernourishment (% of population),SN.ITK.DEFC.ZS,,,,,,,,,,,,,,,,,,,,,,,,,,,,,,,,,,,,,,,,,,2.5%,2.5%,2.5%,2.5%,2.5%,2.5%,2.5%,2.5%,2.5%,2.5%,2.5%,2.5%,2.5%,2.5%,2.5%,2.5%,2.5%,2.5%,2.5%,2.5%,2.5%,2.5%,
Jamaica,JAM,Prevalence of undernourishment (% of population),SN.ITK.DEFC.ZS,,,,,,,,,,,,,,,,,,,,,,,,,,,,,,,,,,,,,,,,,,7.2%,6.8%,7.%,7.2%,7.5%,7.7%,8.4%,9.%,9.%,8.5%,8.%,7.7%,7.8%,7.5%,7.9%,7.6%,7.2%,6.2%,6.7%,7.%,7.6%,7.3%,
Jordan,JOR,Prevalence of undernourishment (% of population),SN.ITK.DEFC.ZS,,,,,,,,,,,,,,,,,,,,,,,,,,,,,,,,,,,,,,,,,,8.9%,7.%,5.9%,5.3%,5.2%,5.5%,5.9%,6.4%,6.3%,6.2%,6.1%,6.3%,6.3%,6.5%,7.%,7.8%,9.1%,10.7%,13.1%,15.8%,17.3%,17.9%,
Japan,JPN,Prevalence of undernourishment (% of population),SN.ITK.DEFC.ZS,,,,,,,,,,,,,,,,,,,,,,,,,,,,,,,,,,,,,,,,,,2.5%,2.5%,2.5%,2.5%,2.5%,2.5%,2.5%,2.5%,3.%,3.2%,2.9%,2.6%,2.5%,2.5%,2.7%,2.7%,2.7%,2.6%,2.8%,2.9%,3.2%,3.4%,
Kazakhstan,KAZ,Prevalence of undernourishment (% of population),SN.ITK.DEFC.ZS,,,,,,,,,,,,,,,,,,,,,,,,,,,,,,,,,,,,,,,,,,6.5%,6.6%,7.1%,7.4%,7.3%,6.3%,5.1%,4.3%,3.8%,3.2%,2.7%,2.5%,2.5%,2.5%,2.5%,2.5%,2.5%,2.5%,2.5%,2.5%,2.5%,2.5%,
Kenya,KEN,Prevalence of undernourishment (% of population),SN.ITK.DEFC.ZS,,,,,,,,,,,,,,,,,,,,,,,,,,,,,,,,,,,,,,,,,,31.9%,33.4%,34.7%,31.8%,28.2%,26.%,26.9%,26.9%,24.4%,21.7%,19.8%,18.9%,18.7%,18.8%,20.5%,21.8%,23.2%,22.6%,23.4%,26.%,31.1%,34.5%,
Kyrgyz Republic,KGZ,Prevalence of undernourishment (% of population),SN.ITK.DEFC.ZS,,,,,,,,,,,,,,,,,,,,,,,,,,,,,,,,,,,,,,,,,,14.6%,12.5%,10.2%,8.2%,8.1%,8.6%,9.2%,8.5%,8.2%,7.4%,6.9%,6.2%,6.%,5.8%,5.9%,5.7%,5.3%,4.7%,4.6%,5.1%,5.5%,6.1%,
Cambodia,KHM,Prevalence of undernourishment (% of population),SN.ITK.DEFC.ZS,,,,,,,,,,,,,,,,,,,,,,,,,,,,,,,,,,,,,,,,,,24.1%,21.7%,20.%,19.3%,18.%,16.5%,15.%,13.5%,12.3%,10.7%,9.7%,8.9%,8.7%,8.1%,7.5%,7.%,6.2%,5.1%,4.6%,4.9%,5.%,4.6%,
Kiribati,KIR,Prevalence of undernourishment (% of population),SN.ITK.DEFC.ZS,,,,,,,,,,,,,,,,,,,,,,,,,,,,,,,,,,,,,,,,,,5.5%,5.6%,6.%,6.%,6.2%,6.5%,7.1%,7.3%,6.4%,5.1%,3.9%,3.6%,3.3%,3.1%,2.9%,2.9%,3.%,3.2%,3.5%,3.8%,3.8%,3.7%,
St. Kitts and Nevis,KNA,Prevalence of undernourishment (% of population),SN.ITK.DEFC.ZS,,,,,,,,,,,,,,,,,,,,,,,,,,,,,,,,,,,,,,,,,,,,,,,,,,,,,,,,,,,,,,,,
"Korea, Rep.",KOR,Prevalence of undernourishment (% of population),SN.ITK.DEFC.ZS,,,,,,,,,,,,,,,,,,,,,,,,,,,,,,,,,,,,,,,,,,2.5%,2.6%,2.6%,2.5%,2.5%,2.5%,2.5%,2.5%,2.5%,2.5%,2.5%,2.5%,2.5%,2.5%,2.5%,2.5%,2.5%,2.5%,2.5%,2.5%,2.5%,2.5%,
Kuwait,KWT,Prevalence of undernourishment (% of population),SN.ITK.DEFC.ZS,,,,,,,,,,,,,,,,,,,,,,,,,,,,,,,,,,,,,,,,,,2.6%,2.5%,2.5%,2.5%,2.5%,2.5%,2.5%,2.5%,2.5%,2.5%,2.5%,2.5%,2.5%,2.5%,2.5%,2.5%,2.5%,2.5%,2.5%,2.5%,2.5%,2.5%,
Latin America & Caribbean (excluding high income),LAC,Prevalence of undernourishment (% of population),SN.ITK.DEFC.ZS,,,,,,,,,,,,,,,,,,,,,,,,,,,,,,,,,,,,,,,,,,10.39%,10.14%,9.91%,9.58%,9.17%,8.69%,8.26%,7.94%,7.32%,6.78%,6.19%,5.9%,5.62%,5.4%,5.3%,5.26%,5.3%,5.27%,5.38%,5.79%,6.28%,6.24%,
Lao PDR,LAO,Prevalence of undernourishment (% of population),SN.ITK.DEFC.ZS,,,,,,,,,,,,,,,,,,,,,,,,,,,,,,,,,,,,,,,,,,31.1%,29.4%,26.8%,24.%,22.4%,20.6%,20.2%,18.5%,17.8%,15.6%,14.8%,13.1%,11.7%,9.4%,8.%,7.1%,6.8%,6.5%,6.5%,6.3%,5.9%,5.4%,
Lebanon,LBN,Prevalence of undernourishment (% of population),SN.ITK.DEFC.ZS,,,,,,,,,,,,,,,,,,,,,,,,,,,,,,,,,,,,,,,,,,7.6%,8.3%,9.3%,10.4%,10.6%,10.%,9.3%,8.7%,7.1%,5.5%,4.%,4.5%,4.9%,5.5%,5.7%,5.8%,5.6%,5.7%,7.1%,8.9%,10.2%,9.6%,
Liberia,LBR,Prevalence of undernourishment (% of population),SN.ITK.DEFC.ZS,,,,,,,,,,,,,,,,,,,,,,,,,,,,,,,,,,,,,,,,,,36.2%,37.4%,36.3%,34.7%,33.4%,33.2%,31.9%,30.1%,30.3%,32.9%,35.4%,36.3%,36.2%,36.4%,35.6%,34.9%,34.7%,35.2%,36.5%,37.5%,38.3%,38.4%,
Libya,LBY,Prevalence of undernourishment (% of population),SN.ITK.DEFC.ZS,,,,,,,,,,,,,,,,,,,,,,,,,,,,,,,,,,,,,,,,,,3.5%,3.9%,4.2%,4.5%,4.8%,5.2%,5.5%,5.9%,6.3%,6.6%,6.8%,6.7%,7.%,7.3%,7.8%,8.%,8.4%,8.8%,9.9%,11.%,11.9%,11.4%,
St. Lucia,LCA,Prevalence of undernourishment (% of population),SN.ITK.DEFC.ZS,,,,,,,,,,,,,,,,,,,,,,,,,,,,,,,,,,,,,,,,,,,,,,,,,,,,,,,,,,,,,,,,
Latin America & Caribbean,LCN,Prevalence of undernourishment (% of population),SN.ITK.DEFC.ZS,,,,,,,,,,,,,,,,,,,,,,,,,,,,,,,,,,,,,,,,,,10.37%,10.12%,9.9%,9.4%,8.95%,8.43%,7.93%,7.55%,6.98%,6.47%,5.93%,5.65%,5.4%,5.26%,5.52%,5.78%,6.11%,6.03%,6.12%,6.4%,6.74%,6.61%,
Least developed countries: UN classification,LDC,Prevalence of undernourishment (% of population),SN.ITK.DEFC.ZS,,,,,,,,,,,,,,,,,,,,,,,,,,,,,,,,,,,,,,,,,,30.82%,29.81%,28.83%,27.88%,26.82%,25.49%,24.16%,22.95%,21.66%,20.66%,19.9%,19.79%,19.21%,19.3%,19.84%,20.17%,20.36%,20.4%,20.77%,21.37%,21.76%,22.13%,
Low income,LIC,Prevalence of undernourishment (% of population),SN.ITK.DEFC.ZS,,,,,,,,,,,,,,,,,,,,,,,,,,,,,,,,,,,,,,,,,,33.74%,32.8%,31.88%,31.11%,30.2%,28.95%,27.57%,26.47%,24.93%,24.%,23.32%,23.6%,22.79%,23.44%,24.56%,25.36%,25.99%,26.29%,26.27%,26.93%,27.39%,27.79%,
Liechtenstein,LIE,Prevalence of undernourishment (% of population),SN.ITK.DEFC.ZS,,,,,,,,,,,,,,,,,,,,,,,,,,,,,,,,,,,,,,,,,,,,,,,,,,,,,,,,,,,,,,,,
Sri Lanka,LKA,Prevalence of undernourishment (% of population),SN.ITK.DEFC.ZS,,,,,,,,,,,,,,,,,,,,,,,,,,,,,,,,,,,,,,,,,,16.6%,16.%,15.7%,15.1%,14.1%,13.4%,12.%,11.%,10.2%,10.5%,10.1%,9.3%,7.9%,6.6%,5.2%,4.3%,4.%,4.2%,4.%,3.8%,3.8%,4.1%,
Lower middle income,LMC,Prevalence of undernourishment (% of population),SN.ITK.DEFC.ZS,,,,,,,,,,,,,,,,,,,,,,,,,,,,,,,,,,,,,,,,,,18.94%,19.53%,19.96%,19.69%,18.87%,17.29%,15.71%,14.8%,14.46%,14.04%,13.61%,13.08%,12.58%,12.25%,11.89%,11.44%,10.86%,10.7%,11.56%,12.76%,13.78%,14.03%,
Low & middle income,LMY,Prevalence of undernourishment (% of population),SN.ITK.DEFC.ZS,,,,,,,,,,,,,,,,,,,,,,,,,,,,,,,,,,,,,,,,,,15.82%,15.86%,15.76%,15.37%,14.68%,13.59%,12.46%,11.65%,11.04%,10.58%,10.24%,9.95%,9.67%,9.57%,9.5%,9.39%,9.19%,9.18%,9.57%,10.29%,10.93%,11.15%,
Lesotho,LSO,Prevalence of undernourishment (% of population),SN.ITK.DEFC.ZS,,,,,,,,,,,,,,,,,,,,,,,,,,,,,,,,,,,,,,,,,,,,,,,,,,,,,,,,,,,,,,,,
Late-demographic dividend,LTE,Prevalence of undernourishment (% of population),SN.ITK.DEFC.ZS,,,,,,,,,,,,,,,,,,,,,,,,,,,,,,,,,,,,,,,,,,10.23%,9.57%,8.79%,8.11%,7.46%,6.77%,5.98%,5.22%,4.4%,4.04%,3.87%,3.77%,3.66%,3.6%,3.54%,3.5%,3.47%,3.43%,2.91%,2.99%,3.06%,3.03%,
Lithuania,LTU,Prevalence of undernourishment (% of population),SN.ITK.DEFC.ZS,,,,,,,,,,,,,,,,,,,,,,,,,,,,,,,,,,,,,,,,,,2.5%,2.5%,2.5%,2.5%,2.5%,2.5%,2.5%,2.5%,2.5%,2.5%,2.5%,2.5%,2.5%,2.5%,2.5%,2.5%,2.5%,2.5%,2.5%,2.5%,2.5%,2.5%,
Luxembourg,LUX,Prevalence of undernourishment (% of population),SN.ITK.DEFC.ZS,,,,,,,,,,,,,,,,,,,,,,,,,,,,,,,,,,,,,,,,,,2.5%,2.5%,2.5%,2.5%,2.5%,2.5%,2.5%,2.5%,2.5%,2.5%,2.5%,2.5%,2.5%,2.5%,2.5%,2.5%,2.5%,2.5%,2.5%,2.5%,2.5%,2.5%,
Latvia,LVA,Prevalence of undernourishment (% of population),SN.ITK.DEFC.ZS,,,,,,,,,,,,,,,,,,,,,,,,,,,,,,,,,,,,,,,,,,4.7%,3.5%,2.8%,2.5%,2.5%,2.5%,2.5%,2.5%,2.5%,2.5%,2.5%,2.5%,2.5%,2.5%,2.5%,2.5%,2.5%,2.5%,2.5%,2.5%,2.5%,2.5%,
"Macao SAR, China",MAC,Prevalence of undernourishment (% of population),SN.ITK.DEFC.ZS,,,,,,,,,,,,,,,,,,,,,,,,,,,,,,,,,,,,,,,,,,21.5%,20.8%,19.2%,17.5%,16.%,15.%,14.1%,13.1%,12.%,10.4%,9.3%,8.4%,7.6%,6.8%,6.3%,6.2%,6.%,5.9%,7.2%,8.7%,10.3%,10.7%,
St. Martin (French part),MAF,Prevalence of undernourishment (% of population),SN.ITK.DEFC.ZS,,,,,,,,,,,,,,,,,,,,,,,,,,,,,,,,,,,,,,,,,,,,,,,,,,,,,,,,,,,,,,,,
Morocco,MAR,Prevalence of undernourishment (% of population),SN.ITK.DEFC.ZS,,,,,,,,,,,,,,,,,,,,,,,,,,,,,,,,,,,,,,,,,,5.8%,5.4%,5.1%,4.9%,4.8%,4.8%,4.8%,4.8%,4.9%,4.8%,4.5%,4.3%,4.1%,4.%,3.7%,3.7%,3.5%,3.6%,4.1%,5.3%,6.4%,6.9%,
Monaco,MCO,Prevalence of undernourishment (% of population),SN.ITK.DEFC.ZS,,,,,,,,,,,,,,,,,,,,,,,,,,,,,,,,,,,,,,,,,,,,,,,,,,,,,,,,,,,,,,,,
Moldova,MDA,Prevalence of undernourishment (% of population),SN.ITK.DEFC.ZS,,,,,,,,,,,,,,,,,,,,,,,,,,,,,,,,,,,,,,,,,,24.6%,27.3%,30.%,31.9%,32.3%,30.3%,27.%,22.1%,17.2%,12.5%,8.5%,5.7%,4.5%,3.9%,3.4%,2.7%,2.5%,2.5%,2.5%,2.5%,2.5%,2.5%,
Madagascar,MDG,Prevalence of undernourishment (% of population),SN.ITK.DEFC.ZS,,,,,,,,,,,,,,,,,,,,,,,,,,,,,,,,,,,,,,,,,,33.9%,35.3%,36.6%,35.2%,33.5%,31.1%,30.7%,30.5%,29.%,26.9%,25.3%,26.5%,27.8%,29.6%,30.8%,32.3%,33.3%,34.6%,36.%,37.6%,38.9%,39.7%,
Maldives,MDV,Prevalence of undernourishment (% of population),SN.ITK.DEFC.ZS,,,,,,,,,,,,,,,,,,,,,,,,,,,,,,,,,,,,,,,,,,,,,,,,,,,,,,,,,,,,,,,,
Middle East & North Africa,MEA,Prevalence of undernourishment (% of population),SN.ITK.DEFC.ZS,,,,,,,,,,,,,,,,,,,,,,,,,,,,,,,,,,,,,,,,,,7.9%,7.9%,7.91%,7.89%,7.79%,7.67%,7.55%,7.39%,7.35%,7.66%,7.87%,8.09%,7.99%,8.32%,8.86%,9.39%,9.83%,9.92%,10.06%,10.17%,10.67%,11.2%,
Mexico,MEX,Prevalence of undernourishment (% of population),SN.ITK.DEFC.ZS,,,,,,,,,,,,,,,,,,,,,,,,,,,,,,,,,,,,,,,,,,3.%,3.4%,4.%,4.3%,4.1%,3.8%,3.8%,4.1%,4.2%,4.1%,3.9%,3.8%,3.8%,3.8%,3.7%,3.7%,3.8%,3.6%,3.5%,3.2%,3.2%,3.1%,
Marshall Islands,MHL,Prevalence of undernourishment (% of population),SN.ITK.DEFC.ZS,,,,,,,,,,,,,,,,,,,,,,,,,,,,,,,,,,,,,,,,,,,,,,,,,,,,,,,,,,,,,,,,
Middle income,MIC,Prevalence of undernourishment (% of population),SN.ITK.DEFC.ZS,,,,,,,,,,,,,,,,,,,,,,,,,,,,,,,,,,,,,,,,,,14.41%,14.51%,14.46%,14.08%,13.38%,12.28%,11.16%,10.35%,9.8%,9.37%,9.04%,8.68%,8.34%,8.15%,7.94%,7.7%,7.39%,7.3%,7.78%,8.45%,9.07%,9.23%,
North Macedonia,MKD,Prevalence of undernourishment (% of population),SN.ITK.DEFC.ZS,,,,,,,,,,,,,,,,,,,,,,,,,,,,,,,,,,,,,,,,,,7.5%,7.5%,5.8%,5.4%,5.%,4.4%,3.6%,2.9%,3.3%,3.6%,4.%,4.%,4.%,3.9%,3.8%,3.5%,3.2%,2.9%,3.1%,3.%,3.1%,2.5%,
Mali,MLI,Prevalence of undernourishment (% of population),SN.ITK.DEFC.ZS,,,,,,,,,,,,,,,,,,,,,,,,,,,,,,,,,,,,,,,,,,16.6%,15.6%,15.4%,14.4%,13.1%,11.5%,10.%,8.7%,7.5%,6.6%,5.8%,5.4%,5.2%,5.%,4.8%,4.4%,4.6%,4.6%,4.7%,4.6%,7.1%,9.6%,
Malta,MLT,Prevalence of undernourishment (% of population),SN.ITK.DEFC.ZS,,,,,,,,,,,,,,,,,,,,,,,,,,,,,,,,,,,,,,,,,,2.5%,2.5%,2.5%,2.5%,2.5%,2.5%,2.5%,2.5%,2.5%,2.5%,2.5%,2.5%,2.5%,2.5%,2.5%,2.5%,2.5%,2.5%,2.5%,2.5%,2.5%,2.5%,
Myanmar,MMR,Prevalence of undernourishment (% of population),SN.ITK.DEFC.ZS,,,,,,,,,,,,,,,,,,,,,,,,,,,,,,,,,,,,,,,,,,38.6%,35.9%,33.6%,31.4%,29.%,25.7%,21.7%,18.2%,13.8%,11.%,8.4%,7.8%,6.9%,5.9%,4.9%,4.2%,3.8%,3.6%,3.4%,4.%,4.6%,5.3%,
Middle East & North Africa (excluding high income),MNA,Prevalence of undernourishment (% of population),SN.ITK.DEFC.ZS,,,,,,,,,,,,,,,,,,,,,,,,,,,,,,,,,,,,,,,,,,8.24%,8.26%,8.26%,8.25%,8.15%,8.02%,7.88%,7.67%,7.55%,7.84%,8.09%,8.4%,8.42%,8.85%,9.55%,10.19%,10.69%,10.79%,10.95%,11.11%,11.69%,12.37%,
Montenegro,MNE,Prevalence of undernourishment (% of population),SN.ITK.DEFC.ZS,,,,,,,,,,,,,,,,,,,,,,,,,,,,,,,,,,,,,,,,,,9.8%,9.3%,8.4%,7.%,5.6%,3.8%,2.6%,2.5%,2.5%,2.5%,2.5%,2.5%,2.5%,2.5%,2.5%,2.5%,2.5%,2.5%,2.5%,2.5%,2.5%,2.5%,
Mongolia,MNG,Prevalence of undernourishment (% of population),SN.ITK.DEFC.ZS,,,,,,,,,,,,,,,,,,,,,,,,,,,,,,,,,,,,,,,,,,30.4%,29.8%,30.%,29.8%,28.7%,26.8%,24.7%,21.9%,19.8%,17.1%,14.8%,13.%,12.%,10.7%,9.%,8.2%,6.9%,6.3%,5.1%,4.3%,3.%,2.5%,
Northern Mariana Islands,MNP,Prevalence of undernourishment (% of population),SN.ITK.DEFC.ZS,,,,,,,,,,,,,,,,,,,,,,,,,,,,,,,,,,,,,,,,,,,,,,,,,,,,,,,,,,,,,,,,
Mozambique,MOZ,Prevalence of undernourishment (% of population),SN.ITK.DEFC.ZS,,,,,,,,,,,,,,,,,,,,,,,,,,,,,,,,,,,,,,,,,,36.8%,35.5%,34.4%,34.5%,33.7%,32.9%,30.3%,29.%,25.1%,22.2%,20.7%,22.6%,27.8%,34.6%,42.3%,44.4%,41.1%,35.3%,30.9%,28.3%,26.3%,24.8%,
Mauritania,MRT,Prevalence of undernourishment (% of population),SN.ITK.DEFC.ZS,,,,,,,,,,,,,,,,,,,,,,,,,,,,,,,,,,,,,,,,,,8.1%,7.7%,8.%,8.2%,9.1%,8.4%,7.7%,6.9%,7.%,7.%,6.6%,6.3%,6.2%,6.5%,6.7%,6.9%,6.9%,6.8%,7.%,7.5%,8.3%,9.3%,
Mauritius,MUS,Prevalence of undernourishment (% of population),SN.ITK.DEFC.ZS,,,,,,,,,,,,,,,,,,,,,,,,,,,,,,,,,,,,,,,,,,5.8%,5.7%,5.5%,5.4%,5.2%,5.1%,5.3%,5.1%,5.2%,5.2%,5.8%,6.2%,6.4%,6.5%,6.8%,6.9%,7.%,6.8%,7.2%,7.2%,6.7%,5.9%,
Malawi,MWI,Prevalence of undernourishment (% of population),SN.ITK.DEFC.ZS,,,,,,,,,,,,,,,,,,,,,,,,,,,,,,,,,,,,,,,,,,23.3%,23.5%,24.1%,23.%,21.3%,19.1%,17.3%,15.7%,14.3%,13.6%,13.2%,13.4%,14.1%,14.7%,15.5%,15.8%,16.8%,17.4%,18.5%,19.%,19.4%,19.9%,
Malaysia,MYS,Prevalence of undernourishment (% of population),SN.ITK.DEFC.ZS,,,,,,,,,,,,,,,,,,,,,,,,,,,,,,,,,,,,,,,,,,2.5%,2.8%,2.9%,3.%,3.2%,3.3%,3.5%,3.6%,3.7%,3.5%,3.4%,3.4%,3.6%,3.7%,3.5%,3.%,2.7%,2.5%,2.5%,2.5%,2.5%,2.5%,
North America,NAC,Prevalence of undernourishment (% of population),SN.ITK.DEFC.ZS,,,,,,,,,,,,,,,,,,,,,,,,,,,,,,,,,,,,,,,,,,2.5%,2.5%,2.5%,2.5%,2.5%,2.5%,2.5%,2.5%,2.5%,2.5%,2.5%,2.5%,2.5%,2.5%,2.5%,2.5%,2.5%,2.5%,2.5%,2.5%,2.5%,2.5%,
Namibia,NAM,Prevalence of undernourishment (% of population),SN.ITK.DEFC.ZS,,,,,,,,,,,,,,,,,,,,,,,,,,,,,,,,,,,,,,,,,,15.6%,16.5%,17.7%,18.5%,20.%,22.2%,24.4%,26.5%,28.5%,29.2%,27.6%,25.1%,23.4%,22.5%,21.8%,20.7%,20.2%,19.4%,19.1%,19.1%,20.5%,22.2%,
New Caledonia,NCL,Prevalence of undernourishment (% of population),SN.ITK.DEFC.ZS,,,,,,,,,,,,,,,,,,,,,,,,,,,,,,,,,,,,,,,,,,9.3%,9.6%,9.9%,10.2%,10.2%,10.%,9.9%,9.7%,9.%,8.6%,8.5%,8.7%,8.6%,8.4%,8.2%,8.%,7.7%,7.1%,6.6%,6.%,5.7%,5.6%,
Niger,NER,Prevalence of undernourishment (% of population),SN.ITK.DEFC.ZS,,,,,,,,,,,,,,,,,,,,,,,,,,,,,,,,,,,,,,,,,,23.2%,22.3%,21.%,19.4%,19.%,19.1%,18.4%,17.7%,16.%,15.9%,15.3%,15.6%,15.%,14.3%,13.3%,12.6%,11.8%,11.7%,11.%,12.%,12.5%,13.3%,
Nigeria,NGA,Prevalence of undernourishment (% of population),SN.ITK.DEFC.ZS,,,,,,,,,,,,,,,,,,,,,,,,,,,,,,,,,,,,,,,,,,8.8%,8.8%,8.5%,7.8%,7.%,6.6%,6.5%,6.7%,7.9%,9.2%,10.4%,10.9%,10.8%,10.7%,10.5%,10.7%,11.3%,11.8%,13.6%,15.1%,17.%,18.%,
Nicaragua,NIC,Prevalence of undernourishment (% of population),SN.ITK.DEFC.ZS,,,,,,,,,,,,,,,,,,,,,,,,,,,,,,,,,,,,,,,,,,25.9%,23.6%,23.4%,22.5%,21.8%,20.8%,20.4%,19.9%,19.9%,19.5%,19.%,18.8%,19.3%,19.8%,19.3%,18.3%,17.6%,17.6%,17.8%,18.7%,19.2%,19.6%,
Netherlands,NLD,Prevalence of undernourishment (% of population),SN.ITK.DEFC.ZS,,,,,,,,,,,,,,,,,,,,,,,,,,,,,,,,,,,,,,,,,,2.5%,2.5%,2.5%,2.5%,2.5%,2.5%,2.5%,2.5%,2.5%,2.5%,2.5%,2.5%,2.5%,2.5%,2.5%,2.5%,2.5%,2.5%,2.5%,2.5%,2.5%,2.5%,
Norway,NOR,Prevalence of undernourishment (% of population),SN.ITK.DEFC.ZS,,,,,,,,,,,,,,,,,,,,,,,,,,,,,,,,,,,,,,,,,,2.5%,2.5%,2.5%,2.5%,2.5%,2.5%,2.5%,2.5%,2.5%,2.5%,2.5%,2.5%,2.5%,2.5%,2.5%,2.5%,2.5%,2.5%,2.5%,2.5%,2.5%,2.5%,
Nepal,NPL,Prevalence of undernourishment (% of population),SN.ITK.DEFC.ZS,,,,,,,,,,,,,,,,,,,,,,,,,,,,,,,,,,,,,,,,,,23.9%,22.2%,20.2%,17.9%,17.%,16.%,14.9%,13.%,11.5%,10.4%,9.5%,8.8%,8.1%,7.6%,6.6%,5.7%,5.1%,5.%,5.2%,5.6%,5.7%,5.7%,
Nauru,NRU,Prevalence of undernourishment (% of population),SN.ITK.DEFC.ZS,,,,,,,,,,,,,,,,,,,,,,,,,,,,,,,,,,,,,,,,,,,,,,,,,,,,,,,,,,,,,,,,
New Zealand,NZL,Prevalence of undernourishment (% of population),SN.ITK.DEFC.ZS,,,,,,,,,,,,,,,,,,,,,,,,,,,,,,,,,,,,,,,,,,2.5%,2.5%,2.5%,2.5%,2.5%,2.5%,2.5%,2.5%,2.5%,2.5%,2.5%,2.5%,2.5%,2.5%,2.5%,2.5%,2.5%,2.5%,2.5%,2.5%,2.5%,2.5%,
OECD members,OED,Prevalence of undernourishment (% of population),SN.ITK.DEFC.ZS,,,,,,,,,,,,,,,,,,,,,,,,,,,,,,,,,,,,,,,,,,2.85%,2.92%,3.01%,3.06%,3.02%,2.95%,2.92%,2.96%,3.02%,3.04%,2.96%,2.87%,2.81%,2.76%,2.74%,2.72%,2.72%,2.69%,2.69%,2.67%,2.7%,2.71%,
Oman,OMN,Prevalence of undernourishment (% of population),SN.ITK.DEFC.ZS,,,,,,,,,,,,,,,,,,,,,,,,,,,,,,,,,,,,,,,,,,13.3%,12.1%,11.8%,10.7%,10.2%,10.%,10.%,9.7%,7.5%,6.3%,5.6%,6.6%,6.8%,6.8%,7.2%,7.2%,7.%,6.3%,5.8%,5.7%,5.7%,5.7%,
Other small states,OSS,Prevalence of undernourishment (% of population),SN.ITK.DEFC.ZS,,,,,,,,,,,,,,,,,,,,,,,,,,,,,,,,,,,,,,,,,,14.46%,13.69%,12.69%,11.98%,11.55%,11.19%,11.04%,11.03%,10.99%,10.62%,10.18%,9.61%,9.09%,8.74%,8.65%,8.62%,8.51%,8.26%,8.19%,8.26%,8.49%,8.64%,
Pakistan,PAK,Prevalence of undernourishment (% of population),SN.ITK.DEFC.ZS,,,,,,,,,,,,,,,,,,,,,,,,,,,,,,,,,,,,,,,,,,20.7%,21.3%,20.4%,18.5%,17.%,15.8%,15.2%,15.2%,15.2%,14.9%,14.5%,14.4%,13.6%,12.9%,11.8%,11.2%,10.6%,10.8%,12.8%,15.8%,18.9%,20.7%,
Panama,PAN,Prevalence of undernourishment (% of population),SN.ITK.DEFC.ZS,,,,,,,,,,,,,,,,,,,,,,,,,,,,,,,,,,,,,,,,,,23.6%,19.7%,20.1%,20.3%,20.6%,17.7%,15.4%,13.4%,11.5%,9.8%,7.9%,7.2%,7.1%,7.1%,7.%,6.6%,5.8%,5.%,4.4%,4.7%,5.1%,5.6%,
Peru,PER,Prevalence of undernourishment (% of population),SN.ITK.DEFC.ZS,,,,,,,,,,,,,,,,,,,,,,,,,,,,,,,,,,,,,,,,,,20.3%,21.7%,22.%,20.6%,17.7%,14.8%,12.8%,10.8%,9.3%,8.5%,7.8%,6.8%,5.7%,5.4%,5.8%,6.4%,6.6%,6.2%,6.5%,6.7%,7.1%,7.%,
Philippines,PHL,Prevalence of undernourishment (% of population),SN.ITK.DEFC.ZS,,,,,,,,,,,,,,,,,,,,,,,,,,,,,,,,,,,,,,,,,,18.8%,18.6%,17.3%,16.2%,14.6%,13.4%,12.2%,11.3%,12.2%,13.1%,13.6%,12.9%,12.1%,11.4%,10.%,8.6%,7.1%,6.%,5.6%,5.8%,6.%,5.9%,
Palau,PLW,Prevalence of undernourishment (% of population),SN.ITK.DEFC.ZS,,,,,,,,,,,,,,,,,,,,,,,,,,,,,,,,,,,,,,,,,,,,,,,,,,,,,,,,,,,,,,,,
Papua New Guinea,PNG,Prevalence of undernourishment (% of population),SN.ITK.DEFC.ZS,,,,,,,,,,,,,,,,,,,,,,,,,,,,,,,,,,,,,,,,,,26.6%,27.3%,28.%,28.9%,27.8%,27.8%,27.1%,27.5%,28.4%,29.2%,29.1%,27.6%,26.3%,26.5%,26.8%,27.2%,27.3%,27.5%,27.3%,27.4%,27.%,27.7%,
Poland,POL,Prevalence of undernourishment (% of population),SN.ITK.DEFC.ZS,,,,,,,,,,,,,,,,,,,,,,,,,,,,,,,,,,,,,,,,,,2.5%,2.5%,2.5%,2.5%,2.5%,2.5%,2.5%,2.5%,2.5%,2.5%,2.5%,2.5%,2.5%,2.5%,2.5%,2.5%,2.5%,2.5%,2.5%,2.5%,2.5%,2.5%,
Pre-demographic dividend,PRE,Prevalence of undernourishment (% of population),SN.ITK.DEFC.ZS,,,,,,,,,,,,,,,,,,,,,,,,,,,,,,,,,,,,,,,,,,25.96%,25.67%,24.99%,24.11%,22.96%,22.09%,21.34%,20.78%,19.79%,18.98%,18.41%,18.51%,18.2%,18.56%,19.23%,19.78%,20.11%,20.1%,20.7%,21.43%,22.44%,23.22%,
Puerto Rico,PRI,Prevalence of undernourishment (% of population),SN.ITK.DEFC.ZS,,,,,,,,,,,,,,,,,,,,,,,,,,,,,,,,,,,,,,,,,,,,,,,,,,,,,,,,,,,,,,,,
"Korea, Dem. People's Rep.",PRK,Prevalence of undernourishment (% of population),SN.ITK.DEFC.ZS,,,,,,,,,,,,,,,,,,,,,,,,,,,,,,,,,,,,,,,,,,36.%,35.3%,32.9%,33.2%,34.5%,36.9%,39.1%,40.5%,41.3%,41.6%,41.6%,41.8%,41.8%,42.7%,43.3%,44.2%,45.8%,45.3%,,,,,
Portugal,PRT,Prevalence of undernourishment (% of population),SN.ITK.DEFC.ZS,,,,,,,,,,,,,,,,,,,,,,,,,,,,,,,,,,,,,,,,,,2.5%,2.5%,2.5%,2.5%,2.5%,2.5%,2.5%,2.5%,2.5%,2.5%,2.5%,2.5%,2.5%,2.5%,2.5%,2.5%,2.5%,2.5%,2.5%,2.5%,2.5%,2.5%,
Paraguay,PRY,Prevalence of undernourishment (% of population),SN.ITK.DEFC.ZS,,,,,,,,,,,,,,,,,,,,,,,,,,,,,,,,,,,,,,,,,,9.9%,8.7%,8.2%,7.5%,7.%,5.6%,4.3%,3.4%,2.7%,2.5%,2.5%,2.5%,2.5%,2.5%,2.5%,2.6%,2.6%,2.7%,3.1%,3.4%,3.9%,4.5%,
West Bank and Gaza,PSE,Prevalence of undernourishment (% of population),SN.ITK.DEFC.ZS,,,,,,,,,,,,,,,,,,,,,,,,,,,,,,,,,,,,,,,,,,,,,,,,,,,,,,,,,,,,,,,,
Pacific island small states,PSS,Prevalence of undernourishment (% of population),SN.ITK.DEFC.ZS,,,,,,,,,,,,,,,,,,,,,,,,,,,,,,,,,,,,,,,,,,6.49%,6.39%,6.23%,6.25%,6.15%,6.23%,6.28%,6.5%,7.22%,8.06%,9.04%,9.54%,9.91%,9.95%,10.01%,10.11%,9.97%,9.68%,9.73%,10.42%,10.98%,11.21%,
Post-demographic dividend,PST,Prevalence of undernourishment (% of population),SN.ITK.DEFC.ZS,,,,,,,,,,,,,,,,,,,,,,,,,,,,,,,,,,,,,,,,,,2.57%,2.54%,2.54%,2.54%,2.53%,2.53%,2.52%,2.52%,2.58%,2.6%,2.57%,2.53%,2.51%,2.51%,2.54%,2.54%,2.54%,2.54%,2.59%,2.62%,2.7%,2.73%,
French Polynesia,PYF,Prevalence of undernourishment (% of population),SN.ITK.DEFC.ZS,,,,,,,,,,,,,,,,,,,,,,,,,,,,,,,,,,,,,,,,,,4.1%,4.%,3.9%,3.9%,3.9%,4.%,4.%,3.9%,4.1%,4.5%,4.8%,4.9%,5.1%,5.3%,5.7%,6.1%,6.6%,6.4%,5.8%,5.2%,5.%,5.4%,
Qatar,QAT,Prevalence of undernourishment (% of population),SN.ITK.DEFC.ZS,,,,,,,,,,,,,,,,,,,,,,,,,,,,,,,,,,,,,,,,,,,,,,,,,,,,,,,,,,,,,,,,
Romania,ROU,Prevalence of undernourishment (% of population),SN.ITK.DEFC.ZS,,,,,,,,,,,,,,,,,,,,,,,,,,,,,,,,,,,,,,,,,,2.5%,2.5%,2.5%,2.5%,2.5%,2.5%,2.5%,2.5%,2.5%,2.5%,2.5%,2.5%,2.5%,2.5%,2.5%,2.5%,2.5%,2.5%,2.5%,2.5%,2.5%,2.5%,
Russian Federation,RUS,Prevalence of undernourishment (% of population),SN.ITK.DEFC.ZS,,,,,,,,,,,,,,,,,,,,,,,,,,,,,,,,,,,,,,,,,,4.1%,3.4%,2.9%,2.5%,2.5%,2.5%,2.5%,2.5%,2.5%,2.5%,2.5%,2.5%,2.5%,2.5%,2.5%,2.5%,2.5%,2.5%,2.5%,2.5%,2.5%,2.5%,
Rwanda,RWA,Prevalence of undernourishment (% of population),SN.ITK.DEFC.ZS,,,,,,,,,,,,,,,,,,,,,,,,,,,,,,,,,,,,,,,,,,37.7%,34.4%,33.8%,36.2%,36.9%,36.8%,36.6%,36.6%,36.1%,35.7%,35.3%,35.6%,35.7%,35.5%,34.7%,33.6%,33.5%,33.8%,34.9%,34.7%,33.2%,31.4%,
South Asia,SAS,Prevalence of undernourishment (% of population),SN.ITK.DEFC.ZS,,,,,,,,,,,,,,,,,,,,,,,,,,,,,,,,,,,,,,,,,,18.76%,19.9%,20.87%,20.89%,20.21%,18.32%,16.38%,15.36%,15.19%,14.8%,14.43%,13.8%,13.21%,12.82%,12.37%,11.72%,10.85%,10.67%,11.86%,13.43%,14.5%,14.54%,
Saudi Arabia,SAU,Prevalence of undernourishment (% of population),SN.ITK.DEFC.ZS,,,,,,,,,,,,,,,,,,,,,,,,,,,,,,,,,,,,,,,,,,5.%,4.9%,5.%,4.8%,4.5%,4.4%,4.6%,5.3%,6.6%,7.8%,7.9%,7.3%,5.8%,5.1%,4.2%,4.1%,4.2%,4.3%,4.3%,4.%,3.5%,3.%,
Sudan,SDN,Prevalence of undernourishment (% of population),SN.ITK.DEFC.ZS,,,,,,,,,,,,,,,,,,,,,,,,,,,,,,,,,,,,,,,,,,,,,,,,,,,,,,9.2%,8.8%,9.2%,10.%,10.5%,10.9%,10.8%,11.1%,11.%,11.4%,
Senegal,SEN,Prevalence of undernourishment (% of population),SN.ITK.DEFC.ZS,,,,,,,,,,,,,,,,,,,,,,,,,,,,,,,,,,,,,,,,,,24.4%,23.1%,21.5%,19.7%,18.%,16.4%,13.5%,11.8%,10.7%,10.9%,10.8%,11.%,10.9%,10.7%,9.6%,8.5%,7.4%,6.6%,5.6%,4.7%,4.5%,4.6%,
Singapore,SGP,Prevalence of undernourishment (% of population),SN.ITK.DEFC.ZS,,,,,,,,,,,,,,,,,,,,,,,,,,,,,,,,,,,,,,,,,,,,,,,,,,,,,,,,,,,,,,,,
Solomon Islands,SLB,Prevalence of undernourishment (% of population),SN.ITK.DEFC.ZS,,,,,,,,,,,,,,,,,,,,,,,,,,,,,,,,,,,,,,,,,,12.6%,12.5%,12.%,12.1%,12.%,12.2%,12.1%,12.7%,13.1%,14.2%,15.5%,17.1%,18.5%,18.7%,18.3%,17.7%,17.5%,17.5%,18.4%,19.4%,19.9%,19.4%,
Sierra Leone,SLE,Prevalence of undernourishment (% of population),SN.ITK.DEFC.ZS,,,,,,,,,,,,,,,,,,,,,,,,,,,,,,,,,,,,,,,,,,50.1%,49.3%,48.8%,48.3%,46.2%,43.3%,41.3%,39.9%,33.5%,27.1%,21.9%,22.2%,23.5%,23.4%,24.5%,24.9%,26.5%,27.5%,28.2%,28.2%,28.2%,28.4%,
El Salvador,SLV,Prevalence of undernourishment (% of population),SN.ITK.DEFC.ZS,,,,,,,,,,,,,,,,,,,,,,,,,,,,,,,,,,,,,,,,,,6.7%,6.6%,7.3%,8.1%,8.6%,8.8%,9.1%,9.4%,9.3%,9.2%,9.1%,9.2%,9.3%,9.5%,9.2%,8.5%,7.6%,6.9%,6.9%,6.6%,7.1%,6.8%,
San Marino,SMR,Prevalence of undernourishment (% of population),SN.ITK.DEFC.ZS,,,,,,,,,,,,,,,,,,,,,,,,,,,,,,,,,,,,,,,,,,,,,,,,,,,,,,,,,,,,,,,,
Somalia,SOM,Prevalence of undernourishment (% of population),SN.ITK.DEFC.ZS,,,,,,,,,,,,,,,,,,,,,,,,,,,,,,,,,,,,,,,,,,70.2%,70.2%,70.1%,70.%,70.%,70.%,70.%,70.1%,71.3%,71.4%,70.2%,66.5%,62.6%,60.8%,60.%,59.5%,58.3%,55.5%,53.3%,51.1%,50.7%,51.3%,
Serbia,SRB,Prevalence of undernourishment (% of population),SN.ITK.DEFC.ZS,,,,,,,,,,,,,,,,,,,,,,,,,,,,,,,,,,,,,,,,,,3.6%,3.4%,3.%,2.7%,2.6%,2.7%,2.8%,2.8%,2.5%,2.5%,2.5%,2.5%,2.5%,2.5%,2.5%,2.5%,2.5%,2.5%,2.5%,2.5%,2.5%,2.5%,
Sub-Saharan Africa (excluding high income),SSA,Prevalence of undernourishment (% of population),SN.ITK.DEFC.ZS,,,,,,,,,,,,,,,,,,,,,,,,,,,,,,,,,,,,,,,,,,25.91%,25.38%,24.85%,23.99%,22.84%,21.81%,20.92%,20.23%,19.26%,18.53%,17.96%,17.84%,17.47%,17.7%,18.17%,18.6%,18.97%,19.19%,19.97%,20.76%,21.63%,22.14%,
South Sudan,SSD,Prevalence of undernourishment (% of population),SN.ITK.DEFC.ZS,,,,,,,,,,,,,,,,,,,,,,,,,,,,,,,,,,,,,,,,,,,,,,,,,,,,,,,,,,,,,19.6%,19.3%,19.6%,
Sub-Saharan Africa,SSF,Prevalence of undernourishment (% of population),SN.ITK.DEFC.ZS,,,,,,,,,,,,,,,,,,,,,,,,,,,,,,,,,,,,,,,,,,25.91%,25.38%,24.84%,23.98%,22.84%,21.81%,20.91%,20.22%,19.26%,18.53%,17.96%,17.83%,17.47%,17.69%,18.17%,18.6%,18.97%,19.19%,19.97%,20.76%,21.63%,22.14%,
Small states,SST,Prevalence of undernourishment (% of population),SN.ITK.DEFC.ZS,,,,,,,,,,,,,,,,,,,,,,,,,,,,,,,,,,,,,,,,,,12.24%,11.66%,10.92%,10.39%,10.06%,9.76%,9.7%,9.71%,9.81%,9.69%,9.53%,9.17%,8.8%,8.52%,8.44%,8.41%,8.3%,8.03%,7.97%,8.15%,8.42%,8.56%,
Sao Tome and Principe,STP,Prevalence of undernourishment (% of population),SN.ITK.DEFC.ZS,,,,,,,,,,,,,,,,,,,,,,,,,,,,,,,,,,,,,,,,,,15.4%,13.5%,12.2%,11.%,10.3%,10.4%,11.3%,12.7%,14.5%,16.5%,17.8%,17.7%,17.7%,18.1%,18.1%,17.8%,17.3%,17.1%,16.3%,15.5%,15.7%,16.4%,
Suriname,SUR,Prevalence of undernourishment (% of population),SN.ITK.DEFC.ZS,,,,,,,,,,,,,,,,,,,,,,,,,,,,,,,,,,,,,,,,,,11.1%,11.%,10.4%,9.8%,9.2%,8.3%,8.4%,7.9%,7.8%,7.9%,8.4%,8.4%,8.1%,8.4%,9.1%,9.8%,9.8%,9.4%,9.1%,9.3%,9.8%,10.1%,
Slovak Republic,SVK,Prevalence of undernourishment (% of population),SN.ITK.DEFC.ZS,,,,,,,,,,,,,,,,,,,,,,,,,,,,,,,,,,,,,,,,,,6.2%,6.3%,6.1%,5.9%,5.6%,5.7%,5.5%,5.1%,4.9%,5.2%,6.1%,5.8%,5.6%,5.7%,5.7%,5.3%,4.1%,3.3%,2.8%,2.8%,3.1%,3.6%,
Slovenia,SVN,Prevalence of undernourishment (% of population),SN.ITK.DEFC.ZS,,,,,,,,,,,,,,,,,,,,,,,,,,,,,,,,,,,,,,,,,,2.5%,2.5%,2.5%,2.5%,2.5%,2.5%,2.5%,2.5%,2.5%,2.5%,2.5%,2.5%,2.5%,2.5%,2.5%,2.5%,2.5%,2.5%,2.5%,2.5%,2.5%,2.5%,
Sweden,SWE,Prevalence of undernourishment (% of population),SN.ITK.DEFC.ZS,,,,,,,,,,,,,,,,,,,,,,,,,,,,,,,,,,,,,,,,,,2.5%,2.5%,2.5%,2.5%,2.5%,2.5%,2.5%,2.5%,2.5%,2.5%,2.5%,2.5%,2.5%,2.5%,2.5%,2.5%,2.5%,2.5%,2.5%,2.5%,2.5%,2.5%,
Eswatini,SWZ,Prevalence of undernourishment (% of population),SN.ITK.DEFC.ZS,,,,,,,,,,,,,,,,,,,,,,,,,,,,,,,,,,,,,,,,,,10.4%,9.7%,8.4%,8.6%,9.5%,10.6%,11.3%,11.5%,17.%,21.%,23.8%,20.2%,17.3%,15.8%,15.8%,15.9%,14.7%,13.2%,11.6%,11.3%,11.6%,12.4%,
Sint Maarten (Dutch part),SXM,Prevalence of undernourishment (% of population),SN.ITK.DEFC.ZS,,,,,,,,,,,,,,,,,,,,,,,,,,,,,,,,,,,,,,,,,,,,,,,,,,,,,,,,,,,,,,,,
Seychelles,SYC,Prevalence of undernourishment (% of population),SN.ITK.DEFC.ZS,,,,,,,,,,,,,,,,,,,,,,,,,,,,,,,,,,,,,,,,,,2.6%,2.7%,2.6%,2.6%,2.6%,2.6%,2.8%,2.6%,3.2%,3.8%,4.7%,5.%,4.7%,4.5%,3.9%,3.4%,3.%,2.7%,2.5%,2.5%,2.5%,2.5%,
Syrian Arab Republic,SYR,Prevalence of undernourishment (% of population),SN.ITK.DEFC.ZS,,,,,,,,,,,,,,,,,,,,,,,,,,,,,,,,,,,,,,,,,,7.7%,7.3%,6.9%,6.5%,6.2%,6.%,5.8%,5.5%,5.2%,5.2%,5.9%,7.1%,8.2%,9.1%,10.8%,13.4%,17.6%,21.8%,26.4%,29.6%,32.2%,34.%,
Turks and Caicos Islands,TCA,Prevalence of undernourishment (% of population),SN.ITK.DEFC.ZS,,,,,,,,,,,,,,,,,,,,,,,,,,,,,,,,,,,,,,,,,,,,,,,,,,,,,,,,,,,,,,,,
Chad,TCD,Prevalence of undernourishment (% of population),SN.ITK.DEFC.ZS,,,,,,,,,,,,,,,,,,,,,,,,,,,,,,,,,,,,,,,,,,38.4%,37.2%,37.7%,36.1%,34.6%,32.2%,30.%,28.1%,26.2%,25.1%,23.8%,23.3%,23.7%,25.1%,25.8%,26.1%,26.6%,28.%,29.7%,31.8%,33.6%,35.1%,
East Asia & Pacific (IDA & IBRD countries),TEA,Prevalence of undernourishment (% of population),SN.ITK.DEFC.ZS,,,,,,,,,,,,,,,,,,,,,,,,,,,,,,,,,,,,,,,,,,13.14%,12.53%,11.71%,10.99%,10.18%,9.26%,8.2%,7.14%,6.07%,5.46%,5.11%,4.83%,4.56%,4.41%,4.18%,3.99%,3.78%,3.67%,3.63%,3.65%,3.72%,3.78%,
Europe & Central Asia (IDA & IBRD countries),TEC,Prevalence of undernourishment (% of population),SN.ITK.DEFC.ZS,,,,,,,,,,,,,,,,,,,,,,,,,,,,,,,,,,,,,,,,,,5.86%,5.63%,5.42%,5.05%,4.67%,4.21%,3.86%,3.6%,3.4%,3.24%,3.12%,3.04%,3.%,2.95%,2.9%,2.86%,2.82%,2.8%,2.86%,2.92%,3.02%,3.04%,
Togo,TGO,Prevalence of undernourishment (% of population),SN.ITK.DEFC.ZS,,,,,,,,,,,,,,,,,,,,,,,,,,,,,,,,,,,,,,,,,,31.5%,31.4%,30.1%,28.4%,27.%,25.7%,24.3%,22.8%,21.2%,20.3%,20.%,19.9%,19.6%,20.1%,20.2%,20.7%,20.5%,19.9%,18.3%,16.%,14.1%,12.8%,
Thailand,THA,Prevalence of undernourishment (% of population),SN.ITK.DEFC.ZS,,,,,,,,,,,,,,,,,,,,,,,,,,,,,,,,,,,,,,,,,,17.4%,16.5%,15.2%,13.9%,12.1%,10.8%,10.3%,10.8%,10.4%,10.1%,9.2%,9.1%,8.5%,7.9%,7.4%,7.3%,7.3%,7.%,6.4%,6.1%,5.8%,5.6%,
Tajikistan,TJK,Prevalence of undernourishment (% of population),SN.ITK.DEFC.ZS,,,,,,,,,,,,,,,,,,,,,,,,,,,,,,,,,,,,,,,,,,40.1%,41.%,41.4%,40.2%,38.1%,35.4%,32.6%,29.9%,27.3%,24.9%,23.%,21.9%,20.6%,18.8%,16.3%,14.2%,12.4%,10.6%,9.9%,9.4%,9.5%,8.7%,
Turkmenistan,TKM,Prevalence of undernourishment (% of population),SN.ITK.DEFC.ZS,,,,,,,,,,,,,,,,,,,,,,,,,,,,,,,,,,,,,,,,,,6.4%,5.9%,5.1%,4.5%,4.2%,4.%,4.%,4.%,4.3%,4.5%,4.6%,4.5%,4.%,3.5%,3.3%,3.3%,3.4%,3.5%,3.6%,3.8%,3.9%,4.1%,
Latin America & the Caribbean (IDA & IBRD countries),TLA,Prevalence of undernourishment (% of population),SN.ITK.DEFC.ZS,,,,,,,,,,,,,,,,,,,,,,,,,,,,,,,,,,,,,,,,,,10.54%,10.29%,10.06%,9.54%,9.09%,8.55%,8.04%,7.65%,7.07%,6.55%,5.99%,5.71%,5.45%,5.31%,5.58%,5.85%,6.17%,6.09%,6.19%,6.47%,6.82%,6.68%,
Timor-Leste,TLS,Prevalence of undernourishment (% of population),SN.ITK.DEFC.ZS,,,,,,,,,,,,,,,,,,,,,,,,,,,,,,,,,,,,,,,,,,42.4%,37.%,33.%,31.7%,30.7%,29.7%,28.7%,28.8%,24.3%,19.6%,14.5%,13.7%,12.9%,12.3%,12.2%,12.4%,13.2%,13.4%,14.5%,15.4%,16.%,15.9%,
Middle East & North Africa (IDA & IBRD countries),TMN,Prevalence of undernourishment (% of population),SN.ITK.DEFC.ZS,,,,,,,,,,,,,,,,,,,,,,,,,,,,,,,,,,,,,,,,,,8.24%,8.26%,8.26%,8.25%,8.15%,8.02%,7.88%,7.67%,7.55%,7.84%,8.09%,8.4%,8.42%,8.85%,9.55%,10.19%,10.69%,10.79%,10.95%,11.11%,11.69%,12.37%,
Tonga,TON,Prevalence of undernourishment (% of population),SN.ITK.DEFC.ZS,,,,,,,,,,,,,,,,,,,,,,,,,,,,,,,,,,,,,,,,,,,,,,,,,,,,,,,,,,,,,,,,
South Asia (IDA & IBRD),TSA,Prevalence of undernourishment (% of population),SN.ITK.DEFC.ZS,,,,,,,,,,,,,,,,,,,,,,,,,,,,,,,,,,,,,,,,,,18.76%,19.9%,20.87%,20.89%,20.21%,18.32%,16.38%,15.36%,15.19%,14.8%,14.43%,13.8%,13.21%,12.82%,12.37%,11.72%,10.85%,10.67%,11.86%,13.43%,14.5%,14.54%,
Sub-Saharan Africa (IDA & IBRD countries),TSS,Prevalence of undernourishment (% of population),SN.ITK.DEFC.ZS,,,,,,,,,,,,,,,,,,,,,,,,,,,,,,,,,,,,,,,,,,25.91%,25.38%,24.84%,23.98%,22.84%,21.81%,20.91%,20.22%,19.26%,18.53%,17.96%,17.83%,17.47%,17.69%,18.17%,18.6%,18.97%,19.19%,19.97%,20.76%,21.63%,22.14%,
Trinidad and Tobago,TTO,Prevalence of undernourishment (% of population),SN.ITK.DEFC.ZS,,,,,,,,,,,,,,,,,,,,,,,,,,,,,,,,,,,,,,,,,,9.6%,10.1%,10.7%,11.2%,10.8%,10.3%,9.8%,9.4%,9.%,8.1%,7.2%,6.6%,6.5%,6.6%,6.8%,6.8%,6.9%,7.%,9.1%,11.2%,12.8%,12.6%,
Tunisia,TUN,Prevalence of undernourishment (% of population),SN.ITK.DEFC.ZS,,,,,,,,,,,,,,,,,,,,,,,,,,,,,,,,,,,,,,,,,,4.1%,4.2%,4.2%,4.1%,4.%,4.%,3.8%,3.6%,3.6%,3.7%,3.8%,3.6%,3.5%,3.3%,3.2%,3.1%,3.%,2.7%,2.8%,3.2%,3.4%,3.2%,
Turkiye,TUR,Prevalence of undernourishment (% of population),SN.ITK.DEFC.ZS,,,,,,,,,,,,,,,,,,,,,,,,,,,,,,,,,,,,,,,,,,3.9%,4.3%,4.6%,4.5%,3.8%,2.9%,2.5%,2.5%,2.5%,2.5%,2.5%,2.5%,2.5%,2.5%,2.5%,2.5%,2.5%,2.5%,2.5%,2.5%,2.5%,2.5%,
Tuvalu,TUV,Prevalence of undernourishment (% of population),SN.ITK.DEFC.ZS,,,,,,,,,,,,,,,,,,,,,,,,,,,,,,,,,,,,,,,,,,,,,,,,,,,,,,,,,,,,,,,,
Tanzania,TZA,Prevalence of undernourishment (% of population),SN.ITK.DEFC.ZS,,,,,,,,,,,,,,,,,,,,,,,,,,,,,,,,,,,,,,,,,,32.6%,33.4%,32.%,31.4%,28.4%,26.9%,25.8%,25.%,24.7%,24.1%,23.3%,22.2%,21.7%,21.7%,21.9%,22.5%,23.3%,23.6%,23.7%,23.5%,23.9%,23.8%,
Uganda,UGA,Prevalence of undernourishment (% of population),SN.ITK.DEFC.ZS,,,,,,,,,,,,,,,,,,,,,,,,,,,,,,,,,,,,,,,,,,21.%,19.3%,18.2%,18.%,18.6%,19.1%,19.4%,19.7%,19.7%,20.4%,21.1%,22.4%,24.4%,27.9%,33.3%,37.5%,38.9%,38.4%,37.3%,37.1%,36.8%,36.9%,
Ukraine,UKR,Prevalence of undernourishment (% of population),SN.ITK.DEFC.ZS,,,,,,,,,,,,,,,,,,,,,,,,,,,,,,,,,,,,,,,,,,3.%,2.5%,2.5%,2.5%,2.5%,2.5%,2.5%,2.5%,2.5%,2.5%,2.5%,2.5%,2.5%,2.5%,2.5%,2.5%,2.6%,3.%,3.7%,4.3%,5.3%,5.8%,
Upper middle income,UMC,Prevalence of undernourishment (% of population),SN.ITK.DEFC.ZS,,,,,,,,,,,,,,,,,,,,,,,,,,,,,,,,,,,,,,,,,,10.32%,9.92%,9.38%,8.84%,8.22%,7.52%,6.79%,6.04%,5.24%,4.76%,4.48%,4.27%,4.06%,3.97%,3.89%,3.84%,3.78%,3.76%,3.8%,3.87%,4.02%,4.04%,
Uruguay,URY,Prevalence of undernourishment (% of population),SN.ITK.DEFC.ZS,,,,,,,,,,,,,,,,,,,,,,,,,,,,,,,,,,,,,,,,,,3.2%,2.9%,2.9%,2.8%,2.7%,2.5%,2.5%,2.5%,2.5%,2.5%,2.5%,2.5%,2.5%,2.5%,2.5%,2.5%,2.5%,2.5%,2.5%,2.5%,2.5%,2.5%,
United States,USA,Prevalence of undernourishment (% of population),SN.ITK.DEFC.ZS,,,,,,,,,,,,,,,,,,,,,,,,,,,,,,,,,,,,,,,,,,2.5%,2.5%,2.5%,2.5%,2.5%,2.5%,2.5%,2.5%,2.5%,2.5%,2.5%,2.5%,2.5%,2.5%,2.5%,2.5%,2.5%,2.5%,2.5%,2.5%,2.5%,2.5%,
Uzbekistan,UZB,Prevalence of undernourishment (% of population),SN.ITK.DEFC.ZS,,,,,,,,,,,,,,,,,,,,,,,,,,,,,,,,,,,,,,,,,,18.%,19.3%,18.8%,16.6%,14.2%,11.1%,8.5%,6.4%,4.8%,3.6%,2.7%,2.5%,2.5%,2.5%,2.5%,2.5%,2.5%,2.5%,2.5%,2.5%,2.5%,2.5%,
St. Vincent and the Grenadines,VCT,Prevalence of undernourishment (% of population),SN.ITK.DEFC.ZS,,,,,,,,,,,,,,,,,,,,,,,,,,,,,,,,,,,,,,,,,,13.8%,12.2%,9.8%,9.%,8.2%,7.5%,7.%,6.6%,6.3%,6.%,5.7%,5.5%,5.3%,5.1%,5.2%,5.2%,5.5%,5.6%,5.9%,6.1%,5.8%,4.8%,
"Venezuela, RB",VEN,Prevalence of undernourishment (% of population),SN.ITK.DEFC.ZS,,,,,,,,,,,,,,,,,,,,,,,,,,,,,,,,,,,,,,,,,,14.1%,14.2%,13.8%,9.3%,7.8%,6.5%,4.4%,2.6%,2.5%,2.5%,2.5%,2.5%,2.5%,3.8%,11.1%,17.2%,23.4%,23.2%,23.9%,22.2%,20.%,17.6%,
British Virgin Islands,VGB,Prevalence of undernourishment (% of population),SN.ITK.DEFC.ZS,,,,,,,,,,,,,,,,,,,,,,,,,,,,,,,,,,,,,,,,,,,,,,,,,,,,,,,,,,,,,,,,
Virgin Islands (U.S.),VIR,Prevalence of undernourishment (% of population),SN.ITK.DEFC.ZS,,,,,,,,,,,,,,,,,,,,,,,,,,,,,,,,,,,,,,,,,,,,,,,,,,,,,,,,,,,,,,,,
Viet Nam,VNM,Prevalence of undernourishment (% of population),SN.ITK.DEFC.ZS,,,,,,,,,,,,,,,,,,,,,,,,,,,,,,,,,,,,,,,,,,19.5%,17.7%,16.1%,15.4%,15.3%,15.%,13.9%,12.7%,11.4%,10.5%,9.3%,8.8%,8.3%,8.2%,7.8%,7.5%,7.%,6.6%,6.%,5.5%,5.2%,5.2%,
Vanuatu,VUT,Prevalence of undernourishment (% of population),SN.ITK.DEFC.ZS,,,,,,,,,,,,,,,,,,,,,,,,,,,,,,,,,,,,,,,,,,6.9%,6.9%,6.9%,6.8%,6.8%,6.4%,6.1%,5.9%,6.1%,6.4%,7.%,7.5%,7.5%,7.4%,7.4%,7.4%,7.4%,7.5%,7.8%,8.%,8.1%,7.9%,
World,WLD,Prevalence of undernourishment (% of population),SN.ITK.DEFC.ZS,,,,,,,,,,,,,,,,,,,,,,,,,,,,,,,,,,,,,,,,,,13.%,13.%,12.9%,12.6%,12.%,11.2%,10.3%,9.6%,9.1%,8.7%,8.3%,8.%,7.7%,7.6%,7.5%,7.5%,7.3%,7.3%,7.8%,8.3%,8.9%,9.1%,
Samoa,WSM,Prevalence of undernourishment (% of population),SN.ITK.DEFC.ZS,,,,,,,,,,,,,,,,,,,,,,,,,,,,,,,,,,,,,,,,,,3.1%,3.1%,2.9%,2.8%,2.8%,3.2%,3.4%,3.5%,3.6%,4.1%,4.3%,4.3%,4.%,4.2%,4.5%,5.%,4.8%,4.7%,4.5%,4.4%,5.1%,5.4%,
Kosovo,XKX,Prevalence of undernourishment (% of population),SN.ITK.DEFC.ZS,,,,,,,,,,,,,,,,,,,,,,,,,,,,,,,,,,,,,,,,,,,,,,,,,,,,,,,,,,,,,,,,
"Yemen, Rep.",YEM,Prevalence of undernourishment (% of population),SN.ITK.DEFC.ZS,,,,,,,,,,,,,,,,,,,,,,,,,,,,,,,,,,,,,,,,,,24.4%,25.3%,25.7%,26.%,25.5%,24.4%,23.8%,23.7%,22.2%,24.2%,25.2%,28.1%,28.5%,32.4%,38.1%,41.3%,42.%,40.2%,38.4%,36.7%,36.9%,39.5%,
South Africa,ZAF,Prevalence of undernourishment (% of population),SN.ITK.DEFC.ZS,,,,,,,,,,,,,,,,,,,,,,,,,,,,,,,,,,,,,,,,,,3.7%,3.6%,3.6%,3.4%,3.4%,3.5%,3.6%,3.6%,4.1%,4.6%,5.1%,5.2%,5.5%,6.3%,6.5%,6.3%,5.7%,5.7%,6.2%,6.9%,7.7%,8.1%,
Zambia,ZMB,Prevalence of undernourishment (% of population),SN.ITK.DEFC.ZS,,,,,,,,,,,,,,,,,,,,,,,,,,,,,,,,,,,,,,,,,,50.1%,50.3%,50.2%,49.6%,49.1%,47.9%,46.6%,45.4%,44.1%,42.7%,41.2%,39.6%,37.7%,36.%,34.%,32.3%,30.8%,30.5%,31.2%,32.9%,34.4%,35.4%,
Zimbabwe,ZWE,Prevalence of undernourishment (% of population),SN.ITK.DEFC.ZS,,,,,,,,,,,,,,,,,,,,,,,,,,,,,,,,,,,,,,,,,,32.8%,31.9%,31.5%,30.7%,29.6%,28.8%,28.%,27.2%,26.6%,26.2%,25.6%,25.5%,27.4%,30.4%,33.%,35.5%,36.7%,38.7%,39.4%,39.5%,38.9%,38.1%,
